,model,iteration,VPRO,Axenic,Inhibited,Other,Strong,Sustained,Weak,pos_interaction,neg_interaction,Versatile
0,EXOENZYME,1,vpro_11_62_EXOENZYME_C1,15,0,8,0,63,81,63,81,True
1,EXOENZYME,1,vpro_12_88_EXOENZYME_C2,16,0,0,0,0,34,0,34,False
2,EXOENZYME,1,vpro_13_4_EXOENZYME_C3,102,0,0,0,0,0,0,0,False
3,EXOENZYME,1,vpro_13_69_EXOENZYME_C1,94,1,0,0,104,12,104,13,True
4,EXOENZYME,1,vpro_17_89_EXOENZYME_C2,0,0,0,0,0,46,0,46,False
5,EXOENZYME,1,vpro_19_83_EXOENZYME_C1,76,0,0,0,57,43,57,43,True
6,EXOENZYME,1,vpro_23_67_EXOENZYME_C3,52,0,43,2,96,0,98,0,False
7,EXOENZYME,1,vpro_23_76_EXOENZYME_C2,44,0,32,0,74,14,74,14,True
8,EXOENZYME,1,vpro_24_46_EXOENZYME_C3,40,0,62,23,83,0,106,0,False
9,EXOENZYME,1,vpro_30_17_EXOENZYME_C1,69,0,24,0,75,11,75,11,True
10,EXOENZYME,1,vpro_32_46_EXOENZYME_C2,33,0,0,0,0,21,0,21,False
11,EXOENZYME,1,vpro_39_73_EXOENZYME_C2,72,0,11,0,73,35,73,35,True
12,EXOENZYME,1,vpro_39_90_EXOENZYME_C3,76,0,0,0,0,0,0,0,False
13,EXOENZYME,1,vpro_43_14_EXOENZYME_C3,55,0,62,0,85,3,85,3,True
14,EXOENZYME,1,vpro_44_95_EXOENZYME_C3,117,0,0,0,0,0,0,0,False
15,EXOENZYME,1,vpro_47_6_EXOENZYME_C3,46,0,0,0,0,0,0,0,False
16,EXOENZYME,1,vpro_48_16_EXOENZYME_C4,50,0,68,1,93,1,94,1,True
17,EXOENZYME,1,vpro_49_10_EXOENZYME_C3,85,0,35,0,85,0,85,0,False
18,EXOENZYME,1,vpro_49_52_EXOENZYME_C2,7,0,43,0,10,91,10,91,True
19,EXOENZYME,1,vpro_50_15_EXOENZYME_C1,74,0,3,0,77,22,77,22,True
20,EXOENZYME,1,vpro_51_71_EXOENZYME_C2,13,0,14,0,64,49,64,49,True
21,EXOENZYME,1,vpro_52_9_EXOENZYME_C2,49,0,32,0,76,27,76,27,True
22,EXOENZYME,1,vpro_53_58_EXOENZYME_C3,116,0,3,0,0,0,0,0,False
23,EXOENZYME,1,vpro_53_82_EXOENZYME_C2,132,0,4,0,0,27,0,27,False
24,EXOENZYME,1,vpro_57_7_EXOENZYME_C2,68,0,59,0,6,23,6,23,True
25,EXOENZYME,1,vpro_58_71_EXOENZYME_C4,146,0,2,0,0,0,0,0,False
26,EXOENZYME,1,vpro_58_74_EXOENZYME_C1,28,0,20,0,78,56,78,56,True
27,EXOENZYME,1,vpro_59_94_EXOENZYME_C2,59,0,35,0,14,41,14,41,True
28,EXOENZYME,1,vpro_61_13_EXOENZYME_C2,104,0,0,0,52,13,52,13,True
29,EXOENZYME,1,vpro_67_63_EXOENZYME_C2,0,0,0,0,0,38,0,38,False
30,EXOENZYME,1,vpro_69_34_EXOENZYME_C2,48,0,0,0,0,48,0,48,False
31,EXOENZYME,1,vpro_75_68_EXOENZYME_C2,30,0,56,0,90,35,90,35,True
32,EXOENZYME,1,vpro_77_45_EXOENZYME_C3,79,0,45,9,85,0,94,0,False
33,EXOENZYME,1,vpro_79_22_EXOENZYME_C3,85,0,0,0,0,13,0,13,False
34,EXOENZYME,1,vpro_79_6_EXOENZYME_C3,59,0,39,0,81,12,81,12,True
35,EXOENZYME,1,vpro_7_84_EXOENZYME_C3,55,0,44,0,0,29,0,29,False
36,EXOENZYME,1,vpro_86_20_EXOENZYME_C1,3,0,0,0,0,58,0,58,False
37,EXOENZYME,1,vpro_88_18_EXOENZYME_C3,31,0,93,0,21,36,21,36,True
38,EXOENZYME,1,vpro_88_55_EXOENZYME_C1,0,0,0,0,0,92,0,92,False
39,EXOENZYME,1,vpro_93_20_EXOENZYME_C3,79,0,28,0,87,0,87,0,False
40,EXOENZYME,1,vpro_96_53_EXOENZYME_C4,123,0,1,0,0,0,0,0,False
41,EXOENZYME,1,vpro_96_67_EXOENZYME_C4,75,0,36,0,112,0,112,0,False
42,EXOENZYME,1,vpro_99_56_EXOENZYME_C4,118,0,0,0,0,0,0,0,False
43,EXOENZYME,2,vpro_11_62_EXOENZYME_C1_15,0,0,0,0,0,3,0,3,False
44,EXOENZYME,2,vpro_11_62_EXOENZYME_C1_20,1,0,0,0,2,25,2,25,True
45,EXOENZYME,2,vpro_11_62_EXOENZYME_C1_22,0,0,0,0,0,6,0,6,False
46,EXOENZYME,2,vpro_11_62_EXOENZYME_C1_32,2,0,0,0,0,3,0,3,False
47,EXOENZYME,2,vpro_11_62_EXOENZYME_C1_37,6,0,0,0,0,7,0,7,False
48,EXOENZYME,2,vpro_11_62_EXOENZYME_C1_46,14,0,1,0,7,2,7,2,True
49,EXOENZYME,2,vpro_11_62_EXOENZYME_C1_54,1,0,4,0,0,6,0,6,False
50,EXOENZYME,2,vpro_11_62_EXOENZYME_C1_63,0,0,0,0,0,5,0,5,False
51,EXOENZYME,2,vpro_11_62_EXOENZYME_C1_70,0,0,0,0,2,13,2,13,True
52,EXOENZYME,2,vpro_11_62_EXOENZYME_C1_74,1,0,0,0,0,5,0,5,False
53,EXOENZYME,2,vpro_11_62_EXOENZYME_C1_77,2,0,0,0,0,6,0,6,False
54,EXOENZYME,2,vpro_11_62_EXOENZYME_C1_79,4,0,0,0,0,6,0,6,False
55,EXOENZYME,2,vpro_11_62_EXOENZYME_C1_82,0,0,0,0,0,9,0,9,False
56,EXOENZYME,2,vpro_11_62_EXOENZYME_C1_94,9,0,8,0,0,1,0,1,False
57,EXOENZYME,2,vpro_11_62_EXOENZYME_C1_98,0,0,1,0,10,9,10,9,True
58,EXOENZYME,2,vpro_13_69_EXOENZYME_C1_28,4,0,0,0,0,5,0,5,False
59,EXOENZYME,2,vpro_13_69_EXOENZYME_C1_35,7,0,0,0,0,8,0,8,False
60,EXOENZYME,2,vpro_13_69_EXOENZYME_C1_40,6,0,1,0,8,1,8,1,True
61,EXOENZYME,2,vpro_13_69_EXOENZYME_C1_42,1,0,0,0,9,18,9,18,True
62,EXOENZYME,2,vpro_13_69_EXOENZYME_C1_46,8,0,4,0,11,2,11,2,True
63,EXOENZYME,2,vpro_13_69_EXOENZYME_C1_49,5,0,8,13,3,0,16,0,False
64,EXOENZYME,2,vpro_13_69_EXOENZYME_C1_51,8,0,3,0,10,2,10,2,True
65,EXOENZYME,2,vpro_13_69_EXOENZYME_C1_54,3,1,0,0,0,1,0,2,False
66,EXOENZYME,2,vpro_13_69_EXOENZYME_C1_55,0,0,0,0,0,6,0,6,False
67,EXOENZYME,2,vpro_13_69_EXOENZYME_C1_58,2,0,0,0,0,4,0,4,False
68,EXOENZYME,2,vpro_13_69_EXOENZYME_C1_59,4,0,0,0,0,0,0,0,False
69,EXOENZYME,2,vpro_13_69_EXOENZYME_C1_80,6,0,1,0,8,4,8,4,True
70,EXOENZYME,2,vpro_13_69_EXOENZYME_C1_84,1,0,0,0,0,3,0,3,False
71,EXOENZYME,2,vpro_13_69_EXOENZYME_C1_91,14,0,1,0,6,0,6,0,False
72,EXOENZYME,2,vpro_13_69_EXOENZYME_C1_94,0,0,0,0,0,10,0,10,False
73,EXOENZYME,2,vpro_19_83_EXOENZYME_C1_16,10,0,0,0,10,1,10,1,True
74,EXOENZYME,2,vpro_19_83_EXOENZYME_C1_30,0,0,0,0,0,10,0,10,False
75,EXOENZYME,2,vpro_19_83_EXOENZYME_C1_48,1,0,0,0,0,5,0,5,False
76,EXOENZYME,2,vpro_19_83_EXOENZYME_C1_56,0,0,0,0,0,14,0,14,False
77,EXOENZYME,2,vpro_19_83_EXOENZYME_C1_61,11,0,0,0,3,3,3,3,True
78,EXOENZYME,2,vpro_19_83_EXOENZYME_C1_63,4,0,0,0,13,4,13,4,True
79,EXOENZYME,2,vpro_19_83_EXOENZYME_C1_75,7,0,1,0,5,5,5,5,True
80,EXOENZYME,2,vpro_19_83_EXOENZYME_C1_76,14,0,0,0,0,8,0,8,False
81,EXOENZYME,2,vpro_19_83_EXOENZYME_C1_78,5,0,2,0,10,2,10,2,True
82,EXOENZYME,2,vpro_19_83_EXOENZYME_C1_92,10,0,0,0,0,6,0,6,False
83,EXOENZYME,2,vpro_19_83_EXOENZYME_C1_94,6,0,3,0,6,4,6,4,True
84,EXOENZYME,2,vpro_19_83_EXOENZYME_C1_97,23,0,0,0,0,0,0,0,False
85,EXOENZYME,2,vpro_23_67_EXOENZYME_C3_1,7,0,0,0,0,0,0,0,False
86,EXOENZYME,2,vpro_23_67_EXOENZYME_C3_37,4,0,10,0,8,4,8,4,True
87,EXOENZYME,2,vpro_23_67_EXOENZYME_C3_51,11,0,0,0,0,0,0,0,False
88,EXOENZYME,2,vpro_23_67_EXOENZYME_C3_52,6,0,0,0,0,0,0,0,False
89,EXOENZYME,2,vpro_23_67_EXOENZYME_C3_57,7,0,19,0,8,0,8,0,False
90,EXOENZYME,2,vpro_23_67_EXOENZYME_C3_67,11,0,0,0,0,0,0,0,False
91,EXOENZYME,2,vpro_23_67_EXOENZYME_C3_70,17,0,4,0,0,0,0,0,False
92,EXOENZYME,2,vpro_23_67_EXOENZYME_C3_72,17,0,0,0,0,0,0,0,False
93,EXOENZYME,2,vpro_23_67_EXOENZYME_C3_75,10,0,4,0,12,0,12,0,False
94,EXOENZYME,2,vpro_23_67_EXOENZYME_C3_94,5,0,0,0,0,0,0,0,False
95,EXOENZYME,2,vpro_23_67_EXOENZYME_C3_95,14,0,1,0,0,4,0,4,False
96,EXOENZYME,2,vpro_23_76_EXOENZYME_C2_0,20,0,0,0,0,0,0,0,False
97,EXOENZYME,2,vpro_23_76_EXOENZYME_C2_13,4,0,6,0,13,1,13,1,True
98,EXOENZYME,2,vpro_23_76_EXOENZYME_C2_14,12,0,3,0,0,1,0,1,False
99,EXOENZYME,2,vpro_23_76_EXOENZYME_C2_16,15,0,0,0,0,4,0,4,False
100,EXOENZYME,2,vpro_23_76_EXOENZYME_C2_18,12,0,6,0,0,1,0,1,False
101,EXOENZYME,2,vpro_23_76_EXOENZYME_C2_19,2,0,0,0,0,1,0,1,False
102,EXOENZYME,2,vpro_23_76_EXOENZYME_C2_27,3,0,1,0,5,9,5,9,True
103,EXOENZYME,2,vpro_23_76_EXOENZYME_C2_3,16,0,0,0,0,0,0,0,False
104,EXOENZYME,2,vpro_23_76_EXOENZYME_C2_30,14,0,3,0,7,0,7,0,False
105,EXOENZYME,2,vpro_23_76_EXOENZYME_C2_37,1,0,0,0,0,0,0,0,False
106,EXOENZYME,2,vpro_23_76_EXOENZYME_C2_40,4,0,0,0,0,1,0,1,False
107,EXOENZYME,2,vpro_23_76_EXOENZYME_C2_41,7,0,0,0,11,2,11,2,True
108,EXOENZYME,2,vpro_23_76_EXOENZYME_C2_44,10,0,6,0,0,0,0,0,False
109,EXOENZYME,2,vpro_23_76_EXOENZYME_C2_49,12,0,4,0,9,1,9,1,True
110,EXOENZYME,2,vpro_23_76_EXOENZYME_C2_5,5,0,11,0,8,0,8,0,False
111,EXOENZYME,2,vpro_23_76_EXOENZYME_C2_56,8,0,0,0,0,0,0,0,False
112,EXOENZYME,2,vpro_23_76_EXOENZYME_C2_58,15,0,0,0,4,2,4,2,True
113,EXOENZYME,2,vpro_23_76_EXOENZYME_C2_64,13,0,1,0,10,0,10,0,False
114,EXOENZYME,2,vpro_23_76_EXOENZYME_C2_71,4,0,0,0,0,1,0,1,False
115,EXOENZYME,2,vpro_23_76_EXOENZYME_C2_72,2,0,0,0,0,0,0,0,False
116,EXOENZYME,2,vpro_23_76_EXOENZYME_C2_73,5,0,2,4,6,0,10,0,False
117,EXOENZYME,2,vpro_23_76_EXOENZYME_C2_96,7,0,0,0,0,0,0,0,False
118,EXOENZYME,2,vpro_24_46_EXOENZYME_C3_15,8,0,12,0,0,0,0,0,False
119,EXOENZYME,2,vpro_24_46_EXOENZYME_C3_16,5,0,14,0,0,0,0,0,False
120,EXOENZYME,2,vpro_24_46_EXOENZYME_C3_18,12,0,8,0,0,0,0,0,False
121,EXOENZYME,2,vpro_24_46_EXOENZYME_C3_20,2,0,7,5,7,0,12,0,False
122,EXOENZYME,2,vpro_24_46_EXOENZYME_C3_25,15,0,0,0,0,0,0,0,False
123,EXOENZYME,2,vpro_24_46_EXOENZYME_C3_28,6,0,4,0,0,0,0,0,False
124,EXOENZYME,2,vpro_24_46_EXOENZYME_C3_39,17,0,0,0,0,0,0,0,False
125,EXOENZYME,2,vpro_24_46_EXOENZYME_C3_42,3,0,6,8,8,0,16,0,False
126,EXOENZYME,2,vpro_24_46_EXOENZYME_C3_49,19,0,0,0,0,0,0,0,False
127,EXOENZYME,2,vpro_24_46_EXOENZYME_C3_5,3,0,7,3,12,0,15,0,False
128,EXOENZYME,2,vpro_24_46_EXOENZYME_C3_60,3,0,0,0,0,0,0,0,False
129,EXOENZYME,2,vpro_24_46_EXOENZYME_C3_67,12,0,10,0,0,0,0,0,False
130,EXOENZYME,2,vpro_24_46_EXOENZYME_C3_70,6,0,0,0,0,5,0,5,False
131,EXOENZYME,2,vpro_30_17_EXOENZYME_C1_0,9,0,8,0,1,0,1,0,False
132,EXOENZYME,2,vpro_30_17_EXOENZYME_C1_18,4,0,2,0,7,3,7,3,True
133,EXOENZYME,2,vpro_30_17_EXOENZYME_C1_26,4,0,0,0,0,1,0,1,False
134,EXOENZYME,2,vpro_30_17_EXOENZYME_C1_41,6,0,0,0,0,1,0,1,False
135,EXOENZYME,2,vpro_30_17_EXOENZYME_C1_42,6,0,0,0,0,2,0,2,False
136,EXOENZYME,2,vpro_30_17_EXOENZYME_C1_57,8,0,0,0,0,7,0,7,False
137,EXOENZYME,2,vpro_30_17_EXOENZYME_C1_63,0,0,0,0,0,8,0,8,False
138,EXOENZYME,2,vpro_30_17_EXOENZYME_C1_66,8,0,0,0,8,1,8,1,True
139,EXOENZYME,2,vpro_30_17_EXOENZYME_C1_73,3,0,0,0,0,2,0,2,False
140,EXOENZYME,2,vpro_30_17_EXOENZYME_C1_86,7,0,0,0,0,0,0,0,False
141,EXOENZYME,2,vpro_30_17_EXOENZYME_C1_9,13,0,0,0,9,2,9,2,True
142,EXOENZYME,2,vpro_39_73_EXOENZYME_C2_0,3,0,0,0,0,0,0,0,False
143,EXOENZYME,2,vpro_39_73_EXOENZYME_C2_10,10,0,1,0,10,4,10,4,True
144,EXOENZYME,2,vpro_39_73_EXOENZYME_C2_17,9,0,0,0,0,0,0,0,False
145,EXOENZYME,2,vpro_39_73_EXOENZYME_C2_18,2,0,0,0,0,2,0,2,False
146,EXOENZYME,2,vpro_39_73_EXOENZYME_C2_21,2,0,0,0,5,14,5,14,True
147,EXOENZYME,2,vpro_39_73_EXOENZYME_C2_22,2,0,4,0,13,1,13,1,True
148,EXOENZYME,2,vpro_39_73_EXOENZYME_C2_28,1,0,0,0,0,2,0,2,False
149,EXOENZYME,2,vpro_39_73_EXOENZYME_C2_58,0,0,1,0,6,15,6,15,True
150,EXOENZYME,2,vpro_39_73_EXOENZYME_C2_77,0,0,0,0,0,14,0,14,False
151,EXOENZYME,2,vpro_39_73_EXOENZYME_C2_81,12,0,3,1,10,0,11,0,False
152,EXOENZYME,2,vpro_39_73_EXOENZYME_C2_83,7,0,5,0,1,2,1,2,True
153,EXOENZYME,2,vpro_43_14_EXOENZYME_C3_12,9,0,0,0,0,0,0,0,False
154,EXOENZYME,2,vpro_43_14_EXOENZYME_C3_21,11,0,0,0,7,1,7,1,True
155,EXOENZYME,2,vpro_43_14_EXOENZYME_C3_25,9,0,0,0,0,0,0,0,False
156,EXOENZYME,2,vpro_43_14_EXOENZYME_C3_36,2,0,0,0,0,2,0,2,False
157,EXOENZYME,2,vpro_43_14_EXOENZYME_C3_45,8,0,1,1,6,0,7,0,False
158,EXOENZYME,2,vpro_43_14_EXOENZYME_C3_54,19,0,0,0,0,0,0,0,False
159,EXOENZYME,2,vpro_43_14_EXOENZYME_C3_60,0,0,0,0,0,11,0,11,False
160,EXOENZYME,2,vpro_43_14_EXOENZYME_C3_8,5,0,4,5,12,0,17,0,False
161,EXOENZYME,2,vpro_43_14_EXOENZYME_C3_83,11,0,2,0,10,1,10,1,True
162,EXOENZYME,2,vpro_43_14_EXOENZYME_C3_86,5,0,4,1,10,0,11,0,False
163,EXOENZYME,2,vpro_43_14_EXOENZYME_C3_88,15,0,0,0,0,0,0,0,False
164,EXOENZYME,2,vpro_43_14_EXOENZYME_C3_99,7,0,0,0,0,0,0,0,False
165,EXOENZYME,2,vpro_48_16_EXOENZYME_C4_15,9,0,0,0,0,0,0,0,False
166,EXOENZYME,2,vpro_48_16_EXOENZYME_C4_19,2,0,2,0,6,2,6,2,True
167,EXOENZYME,2,vpro_48_16_EXOENZYME_C4_2,0,0,0,0,0,12,0,12,False
168,EXOENZYME,2,vpro_48_16_EXOENZYME_C4_22,3,0,0,8,5,0,13,0,False
169,EXOENZYME,2,vpro_48_16_EXOENZYME_C4_24,6,0,0,0,0,0,0,0,False
170,EXOENZYME,2,vpro_48_16_EXOENZYME_C4_29,6,0,0,0,7,0,7,0,False
171,EXOENZYME,2,vpro_48_16_EXOENZYME_C4_30,3,0,0,0,0,1,0,1,False
172,EXOENZYME,2,vpro_48_16_EXOENZYME_C4_48,5,0,0,0,0,4,0,4,False
173,EXOENZYME,2,vpro_48_16_EXOENZYME_C4_49,10,0,0,0,0,3,0,3,False
174,EXOENZYME,2,vpro_48_16_EXOENZYME_C4_55,15,0,1,0,0,0,0,0,False
175,EXOENZYME,2,vpro_48_16_EXOENZYME_C4_61,7,0,0,0,0,0,0,0,False
176,EXOENZYME,2,vpro_48_16_EXOENZYME_C4_63,7,0,12,0,0,0,0,0,False
177,EXOENZYME,2,vpro_48_16_EXOENZYME_C4_69,10,0,0,0,0,1,0,1,False
178,EXOENZYME,2,vpro_48_16_EXOENZYME_C4_8,7,0,0,0,0,0,0,0,False
179,EXOENZYME,2,vpro_48_16_EXOENZYME_C4_90,9,0,0,0,0,0,0,0,False
180,EXOENZYME,2,vpro_48_16_EXOENZYME_C4_92,13,0,0,0,0,0,0,0,False
181,EXOENZYME,2,vpro_49_10_EXOENZYME_C3_16,3,0,0,0,0,0,0,0,False
182,EXOENZYME,2,vpro_49_10_EXOENZYME_C3_25,10,0,8,0,10,1,10,1,True
183,EXOENZYME,2,vpro_49_10_EXOENZYME_C3_40,9,0,3,0,0,0,0,0,False
184,EXOENZYME,2,vpro_49_10_EXOENZYME_C3_50,7,0,11,0,0,0,0,0,False
185,EXOENZYME,2,vpro_49_10_EXOENZYME_C3_60,6,0,3,0,5,1,5,1,True
186,EXOENZYME,2,vpro_49_10_EXOENZYME_C3_67,4,0,5,1,7,0,8,0,False
187,EXOENZYME,2,vpro_49_10_EXOENZYME_C3_70,5,0,0,0,0,4,0,4,False
188,EXOENZYME,2,vpro_49_10_EXOENZYME_C3_72,8,0,8,0,13,3,13,3,True
189,EXOENZYME,2,vpro_49_10_EXOENZYME_C3_85,5,0,0,0,0,0,0,0,False
190,EXOENZYME,2,vpro_49_10_EXOENZYME_C3_91,13,0,9,0,5,0,5,0,False
191,EXOENZYME,2,vpro_49_10_EXOENZYME_C3_92,10,0,0,0,0,7,0,7,False
192,EXOENZYME,2,vpro_49_10_EXOENZYME_C3_93,11,0,5,0,0,1,0,1,False
193,EXOENZYME,2,vpro_49_52_EXOENZYME_C2_24,3,0,0,0,0,0,0,0,False
194,EXOENZYME,2,vpro_49_52_EXOENZYME_C2_25,0,0,0,0,0,10,0,10,False
195,EXOENZYME,2,vpro_49_52_EXOENZYME_C2_3,4,0,5,0,0,10,0,10,False
196,EXOENZYME,2,vpro_49_52_EXOENZYME_C2_36,5,0,0,0,0,10,0,10,False
197,EXOENZYME,2,vpro_49_52_EXOENZYME_C2_41,1,0,0,0,0,3,0,3,False
198,EXOENZYME,2,vpro_49_52_EXOENZYME_C2_49,0,0,0,0,0,3,0,3,False
199,EXOENZYME,2,vpro_49_52_EXOENZYME_C2_52,10,0,3,0,3,0,3,0,False
200,EXOENZYME,2,vpro_49_52_EXOENZYME_C2_6,0,0,0,0,0,8,0,8,False
201,EXOENZYME,2,vpro_49_52_EXOENZYME_C2_77,0,0,0,0,0,17,0,17,False
202,EXOENZYME,2,vpro_49_52_EXOENZYME_C2_78,4,0,0,0,0,10,0,10,False
203,EXOENZYME,2,vpro_50_15_EXOENZYME_C1_21,11,0,2,0,1,4,1,4,True
204,EXOENZYME,2,vpro_50_15_EXOENZYME_C1_24,8,0,0,0,0,5,0,5,False
205,EXOENZYME,2,vpro_50_15_EXOENZYME_C1_43,1,0,0,0,0,2,0,2,False
206,EXOENZYME,2,vpro_50_15_EXOENZYME_C1_48,12,0,0,0,0,0,0,0,False
207,EXOENZYME,2,vpro_50_15_EXOENZYME_C1_5,2,0,0,0,0,11,0,11,False
208,EXOENZYME,2,vpro_50_15_EXOENZYME_C1_55,0,0,0,0,0,4,0,4,False
209,EXOENZYME,2,vpro_50_15_EXOENZYME_C1_57,12,0,11,0,8,0,8,0,False
210,EXOENZYME,2,vpro_50_15_EXOENZYME_C1_58,8,0,7,0,1,2,1,2,True
211,EXOENZYME,2,vpro_50_15_EXOENZYME_C1_64,6,0,1,0,8,7,8,7,True
212,EXOENZYME,2,vpro_50_15_EXOENZYME_C1_65,3,0,12,0,8,0,8,0,False
213,EXOENZYME,2,vpro_50_15_EXOENZYME_C1_7,16,0,0,0,0,1,0,1,False
214,EXOENZYME,2,vpro_50_15_EXOENZYME_C1_81,19,0,0,0,9,2,9,2,True
215,EXOENZYME,2,vpro_50_15_EXOENZYME_C1_91,4,0,0,0,0,1,0,1,False
216,EXOENZYME,2,vpro_50_15_EXOENZYME_C1_99,7,0,0,0,0,4,0,4,False
217,EXOENZYME,2,vpro_51_71_EXOENZYME_C2_13,3,0,3,0,6,3,6,3,True
218,EXOENZYME,2,vpro_51_71_EXOENZYME_C2_16,11,0,8,4,14,0,18,0,False
219,EXOENZYME,2,vpro_51_71_EXOENZYME_C2_22,14,0,3,0,6,1,6,1,True
220,EXOENZYME,2,vpro_51_71_EXOENZYME_C2_23,0,0,0,0,0,6,0,6,False
221,EXOENZYME,2,vpro_51_71_EXOENZYME_C2_3,2,0,0,0,0,9,0,9,False
222,EXOENZYME,2,vpro_51_71_EXOENZYME_C2_38,0,0,0,0,0,8,0,8,False
223,EXOENZYME,2,vpro_51_71_EXOENZYME_C2_40,0,0,0,0,0,11,0,11,False
224,EXOENZYME,2,vpro_51_71_EXOENZYME_C2_41,4,0,1,0,8,4,8,4,True
225,EXOENZYME,2,vpro_51_71_EXOENZYME_C2_44,0,0,0,0,0,7,0,7,False
226,EXOENZYME,2,vpro_51_71_EXOENZYME_C2_5,3,0,9,0,0,8,0,8,False
227,EXOENZYME,2,vpro_51_71_EXOENZYME_C2_57,7,0,0,0,0,7,0,7,False
228,EXOENZYME,2,vpro_51_71_EXOENZYME_C2_60,12,0,4,0,2,2,2,2,True
229,EXOENZYME,2,vpro_51_71_EXOENZYME_C2_65,4,0,4,0,5,4,5,4,True
230,EXOENZYME,2,vpro_51_71_EXOENZYME_C2_7,3,0,2,0,4,7,4,7,True
231,EXOENZYME,2,vpro_51_71_EXOENZYME_C2_70,2,0,1,0,7,4,7,4,True
232,EXOENZYME,2,vpro_51_71_EXOENZYME_C2_82,4,0,2,0,9,4,9,4,True
233,EXOENZYME,2,vpro_51_71_EXOENZYME_C2_84,3,0,11,6,1,0,7,0,False
234,EXOENZYME,2,vpro_51_71_EXOENZYME_C2_87,14,0,0,0,0,0,0,0,False
235,EXOENZYME,2,vpro_51_71_EXOENZYME_C2_97,10,0,0,0,0,4,0,4,False
236,EXOENZYME,2,vpro_52_9_EXOENZYME_C2_0,10,0,0,0,8,1,8,1,True
237,EXOENZYME,2,vpro_52_9_EXOENZYME_C2_1,9,0,8,0,8,0,8,0,False
238,EXOENZYME,2,vpro_52_9_EXOENZYME_C2_26,8,0,7,0,0,5,0,5,False
239,EXOENZYME,2,vpro_52_9_EXOENZYME_C2_4,10,0,1,0,12,1,12,1,True
240,EXOENZYME,2,vpro_52_9_EXOENZYME_C2_44,5,0,4,0,11,0,11,0,False
241,EXOENZYME,2,vpro_52_9_EXOENZYME_C2_52,1,0,0,0,0,3,0,3,False
242,EXOENZYME,2,vpro_52_9_EXOENZYME_C2_60,2,0,6,0,12,0,12,0,False
243,EXOENZYME,2,vpro_52_9_EXOENZYME_C2_61,2,0,1,0,3,3,3,3,True
244,EXOENZYME,2,vpro_52_9_EXOENZYME_C2_84,1,0,0,0,0,3,0,3,False
245,EXOENZYME,2,vpro_53_82_EXOENZYME_C2_22,4,0,0,0,0,1,0,1,False
246,EXOENZYME,2,vpro_53_82_EXOENZYME_C2_3,5,0,0,0,0,2,0,2,False
247,EXOENZYME,2,vpro_53_82_EXOENZYME_C2_32,5,0,0,0,0,0,0,0,False
248,EXOENZYME,2,vpro_53_82_EXOENZYME_C2_37,10,0,11,0,1,0,1,0,False
249,EXOENZYME,2,vpro_53_82_EXOENZYME_C2_4,20,0,0,0,0,0,0,0,False
250,EXOENZYME,2,vpro_53_82_EXOENZYME_C2_42,0,0,0,0,0,2,0,2,False
251,EXOENZYME,2,vpro_53_82_EXOENZYME_C2_46,14,0,0,0,0,0,0,0,False
252,EXOENZYME,2,vpro_53_82_EXOENZYME_C2_48,9,0,2,0,7,0,7,0,False
253,EXOENZYME,2,vpro_53_82_EXOENZYME_C2_49,12,0,0,0,7,0,7,0,False
254,EXOENZYME,2,vpro_53_82_EXOENZYME_C2_55,7,0,6,0,0,0,0,0,False
255,EXOENZYME,2,vpro_53_82_EXOENZYME_C2_66,10,0,1,0,0,1,0,1,False
256,EXOENZYME,2,vpro_53_82_EXOENZYME_C2_72,12,0,0,0,0,0,0,0,False
257,EXOENZYME,2,vpro_53_82_EXOENZYME_C2_73,6,0,0,0,0,1,0,1,False
258,EXOENZYME,2,vpro_53_82_EXOENZYME_C2_76,14,0,1,0,0,1,0,1,False
259,EXOENZYME,2,vpro_53_82_EXOENZYME_C2_79,5,0,2,0,11,3,11,3,True
260,EXOENZYME,2,vpro_53_82_EXOENZYME_C2_82,8,0,0,0,0,0,0,0,False
261,EXOENZYME,2,vpro_53_82_EXOENZYME_C2_83,7,0,0,0,0,4,0,4,False
262,EXOENZYME,2,vpro_53_82_EXOENZYME_C2_84,0,0,0,0,0,9,0,9,False
263,EXOENZYME,2,vpro_53_82_EXOENZYME_C2_87,7,0,1,0,0,0,0,0,False
264,EXOENZYME,2,vpro_53_82_EXOENZYME_C2_88,6,0,4,0,0,3,0,3,False
265,EXOENZYME,2,vpro_53_82_EXOENZYME_C2_89,0,0,0,0,0,8,0,8,False
266,EXOENZYME,2,vpro_53_82_EXOENZYME_C2_91,3,0,0,0,0,2,0,2,False
267,EXOENZYME,2,vpro_53_82_EXOENZYME_C2_98,11,0,0,0,0,2,0,2,False
268,EXOENZYME,2,vpro_57_7_EXOENZYME_C2_21,3,0,0,0,0,6,0,6,False
269,EXOENZYME,2,vpro_57_7_EXOENZYME_C2_22,8,0,0,0,0,0,0,0,False
270,EXOENZYME,2,vpro_57_7_EXOENZYME_C2_28,8,0,6,0,9,6,9,6,True
271,EXOENZYME,2,vpro_57_7_EXOENZYME_C2_37,10,0,0,0,0,4,0,4,False
272,EXOENZYME,2,vpro_57_7_EXOENZYME_C2_42,12,0,0,0,0,2,0,2,False
273,EXOENZYME,2,vpro_57_7_EXOENZYME_C2_5,12,0,2,0,0,6,0,6,False
274,EXOENZYME,2,vpro_57_7_EXOENZYME_C2_55,2,0,7,0,1,13,1,13,True
275,EXOENZYME,2,vpro_57_7_EXOENZYME_C2_56,3,0,5,0,11,0,11,0,False
276,EXOENZYME,2,vpro_57_7_EXOENZYME_C2_58,4,0,0,0,0,6,0,6,False
277,EXOENZYME,2,vpro_57_7_EXOENZYME_C2_61,1,0,0,0,0,0,0,0,False
278,EXOENZYME,2,vpro_57_7_EXOENZYME_C2_67,6,0,0,0,0,0,0,0,False
279,EXOENZYME,2,vpro_57_7_EXOENZYME_C2_70,5,0,8,0,3,12,3,12,True
280,EXOENZYME,2,vpro_57_7_EXOENZYME_C2_71,7,0,3,0,2,0,2,0,False
281,EXOENZYME,2,vpro_57_7_EXOENZYME_C2_73,7,0,9,0,4,1,4,1,True
282,EXOENZYME,2,vpro_57_7_EXOENZYME_C2_86,12,0,1,0,0,1,0,1,False
283,EXOENZYME,2,vpro_57_7_EXOENZYME_C2_88,3,0,0,0,0,1,0,1,False
284,EXOENZYME,2,vpro_58_74_EXOENZYME_C1_16,4,0,9,0,0,5,0,5,False
285,EXOENZYME,2,vpro_58_74_EXOENZYME_C1_20,0,0,0,0,0,4,0,4,False
286,EXOENZYME,2,vpro_58_74_EXOENZYME_C1_40,9,0,6,0,1,3,1,3,True
287,EXOENZYME,2,vpro_58_74_EXOENZYME_C1_42,5,0,10,0,0,3,0,3,False
288,EXOENZYME,2,vpro_58_74_EXOENZYME_C1_45,0,0,0,0,0,7,0,7,False
289,EXOENZYME,2,vpro_58_74_EXOENZYME_C1_5,10,0,4,0,14,0,14,0,False
290,EXOENZYME,2,vpro_58_74_EXOENZYME_C1_52,0,0,0,0,0,4,0,4,False
291,EXOENZYME,2,vpro_58_74_EXOENZYME_C1_55,0,0,0,0,0,2,0,2,False
292,EXOENZYME,2,vpro_58_74_EXOENZYME_C1_60,9,0,0,0,8,2,8,2,True
293,EXOENZYME,2,vpro_58_74_EXOENZYME_C1_80,0,0,0,0,0,7,0,7,False
294,EXOENZYME,2,vpro_58_74_EXOENZYME_C1_84,0,0,0,0,0,5,0,5,False
295,EXOENZYME,2,vpro_58_74_EXOENZYME_C1_94,17,0,0,0,0,0,0,0,False
296,EXOENZYME,2,vpro_58_74_EXOENZYME_C1_96,6,0,0,0,0,5,0,5,False
297,EXOENZYME,2,vpro_58_74_EXOENZYME_C1_99,0,0,0,0,0,7,0,7,False
298,EXOENZYME,2,vpro_59_94_EXOENZYME_C2_1,5,0,5,0,0,8,0,8,False
299,EXOENZYME,2,vpro_59_94_EXOENZYME_C2_13,12,0,4,0,8,4,8,4,True
300,EXOENZYME,2,vpro_59_94_EXOENZYME_C2_20,6,0,0,0,0,11,0,11,False
301,EXOENZYME,2,vpro_59_94_EXOENZYME_C2_25,0,0,0,0,0,11,0,11,False
302,EXOENZYME,2,vpro_59_94_EXOENZYME_C2_26,0,0,0,0,0,3,0,3,False
303,EXOENZYME,2,vpro_59_94_EXOENZYME_C2_33,0,0,0,0,0,15,0,15,False
304,EXOENZYME,2,vpro_59_94_EXOENZYME_C2_35,13,0,0,0,2,0,2,0,False
305,EXOENZYME,2,vpro_59_94_EXOENZYME_C2_4,7,0,0,0,0,5,0,5,False
306,EXOENZYME,2,vpro_59_94_EXOENZYME_C2_40,3,0,7,0,9,5,9,5,True
307,EXOENZYME,2,vpro_59_94_EXOENZYME_C2_42,0,0,0,0,0,1,0,1,False
308,EXOENZYME,2,vpro_59_94_EXOENZYME_C2_52,0,0,0,0,0,9,0,9,False
309,EXOENZYME,2,vpro_59_94_EXOENZYME_C2_56,10,0,0,0,0,4,0,4,False
310,EXOENZYME,2,vpro_59_94_EXOENZYME_C2_67,0,0,0,0,0,6,0,6,False
311,EXOENZYME,2,vpro_59_94_EXOENZYME_C2_7,5,0,0,0,0,5,0,5,False
312,EXOENZYME,2,vpro_59_94_EXOENZYME_C2_9,4,0,0,0,8,5,8,5,True
313,EXOENZYME,2,vpro_59_94_EXOENZYME_C2_90,10,0,0,0,0,6,0,6,False
314,EXOENZYME,2,vpro_59_94_EXOENZYME_C2_96,7,0,0,0,0,9,0,9,False
315,EXOENZYME,2,vpro_61_13_EXOENZYME_C2_20,2,0,0,0,0,3,0,3,False
316,EXOENZYME,2,vpro_61_13_EXOENZYME_C2_21,5,0,6,0,10,4,10,4,True
317,EXOENZYME,2,vpro_61_13_EXOENZYME_C2_35,9,0,4,0,5,3,5,3,True
318,EXOENZYME,2,vpro_61_13_EXOENZYME_C2_4,7,0,0,0,0,4,0,4,False
319,EXOENZYME,2,vpro_61_13_EXOENZYME_C2_41,2,0,6,0,8,3,8,3,True
320,EXOENZYME,2,vpro_61_13_EXOENZYME_C2_57,1,0,0,0,0,6,0,6,False
321,EXOENZYME,2,vpro_61_13_EXOENZYME_C2_60,13,0,0,0,0,1,0,1,False
322,EXOENZYME,2,vpro_61_13_EXOENZYME_C2_73,0,0,0,0,0,6,0,6,False
323,EXOENZYME,2,vpro_61_13_EXOENZYME_C2_75,4,0,0,0,0,4,0,4,False
324,EXOENZYME,2,vpro_61_13_EXOENZYME_C2_76,0,0,0,0,0,3,0,3,False
325,EXOENZYME,2,vpro_61_13_EXOENZYME_C2_82,13,0,0,0,0,1,0,1,False
326,EXOENZYME,2,vpro_75_68_EXOENZYME_C2_1,2,0,7,0,0,4,0,4,False
327,EXOENZYME,2,vpro_75_68_EXOENZYME_C2_16,14,0,0,0,0,6,0,6,False
328,EXOENZYME,2,vpro_75_68_EXOENZYME_C2_17,10,0,0,0,0,4,0,4,False
329,EXOENZYME,2,vpro_75_68_EXOENZYME_C2_24,0,0,0,0,0,5,0,5,False
330,EXOENZYME,2,vpro_75_68_EXOENZYME_C2_32,5,0,8,0,0,4,0,4,False
331,EXOENZYME,2,vpro_75_68_EXOENZYME_C2_39,2,0,5,0,0,4,0,4,False
332,EXOENZYME,2,vpro_75_68_EXOENZYME_C2_66,3,0,0,0,0,1,0,1,False
333,EXOENZYME,2,vpro_75_68_EXOENZYME_C2_67,11,0,14,0,0,0,0,0,False
334,EXOENZYME,2,vpro_75_68_EXOENZYME_C2_73,1,0,2,0,16,4,16,4,True
335,EXOENZYME,2,vpro_75_68_EXOENZYME_C2_76,12,0,0,0,0,5,0,5,False
336,EXOENZYME,2,vpro_75_68_EXOENZYME_C2_86,14,0,5,0,9,0,9,0,False
337,EXOENZYME,2,vpro_75_68_EXOENZYME_C2_9,7,0,8,0,0,1,0,1,False
338,EXOENZYME,2,vpro_75_68_EXOENZYME_C2_96,2,0,0,0,0,5,0,5,False
339,EXOENZYME,2,vpro_77_45_EXOENZYME_C3_32,15,0,0,0,12,4,12,4,True
340,EXOENZYME,2,vpro_77_45_EXOENZYME_C3_35,6,0,4,0,11,1,11,1,True
341,EXOENZYME,2,vpro_77_45_EXOENZYME_C3_38,9,0,0,0,0,0,0,0,False
342,EXOENZYME,2,vpro_77_45_EXOENZYME_C3_49,10,0,0,0,8,4,8,4,True
343,EXOENZYME,2,vpro_77_45_EXOENZYME_C3_51,9,0,4,1,7,0,8,0,False
344,EXOENZYME,2,vpro_77_45_EXOENZYME_C3_52,7,0,0,0,0,0,0,0,False
345,EXOENZYME,2,vpro_77_45_EXOENZYME_C3_62,10,0,5,0,0,0,0,0,False
346,EXOENZYME,2,vpro_77_45_EXOENZYME_C3_76,1,0,6,0,10,8,10,8,True
347,EXOENZYME,2,vpro_77_45_EXOENZYME_C3_82,17,0,11,0,0,0,0,0,False
348,EXOENZYME,2,vpro_77_45_EXOENZYME_C3_87,8,0,0,0,0,4,0,4,False
349,EXOENZYME,2,vpro_77_45_EXOENZYME_C3_88,10,0,0,0,0,0,0,0,False
350,EXOENZYME,2,vpro_77_45_EXOENZYME_C3_89,12,0,7,0,1,0,1,0,False
351,EXOENZYME,2,vpro_77_45_EXOENZYME_C3_95,4,0,10,2,12,0,14,0,False
352,EXOENZYME,2,vpro_79_6_EXOENZYME_C3_12,3,0,0,0,0,12,0,12,False
353,EXOENZYME,2,vpro_79_6_EXOENZYME_C3_16,6,0,0,0,0,1,0,1,False
354,EXOENZYME,2,vpro_79_6_EXOENZYME_C3_17,10,0,5,0,8,0,8,0,False
355,EXOENZYME,2,vpro_79_6_EXOENZYME_C3_38,8,0,2,0,7,0,7,0,False
356,EXOENZYME,2,vpro_79_6_EXOENZYME_C3_45,11,0,0,0,18,2,18,2,True
357,EXOENZYME,2,vpro_79_6_EXOENZYME_C3_46,11,0,0,0,0,0,0,0,False
358,EXOENZYME,2,vpro_79_6_EXOENZYME_C3_48,9,0,0,0,0,2,0,2,False
359,EXOENZYME,2,vpro_79_6_EXOENZYME_C3_52,4,0,0,0,0,2,0,2,False
360,EXOENZYME,2,vpro_79_6_EXOENZYME_C3_53,9,0,4,0,14,0,14,0,False
361,EXOENZYME,2,vpro_79_6_EXOENZYME_C3_59,5,0,0,0,0,2,0,2,False
362,EXOENZYME,2,vpro_79_6_EXOENZYME_C3_63,13,0,3,0,11,1,11,1,True
363,EXOENZYME,2,vpro_79_6_EXOENZYME_C3_65,3,0,0,0,0,2,0,2,False
364,EXOENZYME,2,vpro_79_6_EXOENZYME_C3_71,3,0,2,0,10,7,10,7,True
365,EXOENZYME,2,vpro_79_6_EXOENZYME_C3_87,22,0,0,0,0,0,0,0,False
366,EXOENZYME,2,vpro_79_6_EXOENZYME_C3_91,3,0,7,0,12,2,12,2,True
367,EXOENZYME,2,vpro_79_6_EXOENZYME_C3_99,7,0,6,0,21,2,21,2,True
368,EXOENZYME,2,vpro_7_84_EXOENZYME_C3_19,7,0,3,0,7,1,7,1,True
369,EXOENZYME,2,vpro_7_84_EXOENZYME_C3_20,9,0,0,0,0,3,0,3,False
370,EXOENZYME,2,vpro_7_84_EXOENZYME_C3_26,18,0,0,0,0,1,0,1,False
371,EXOENZYME,2,vpro_7_84_EXOENZYME_C3_46,0,0,0,0,0,1,0,1,False
372,EXOENZYME,2,vpro_7_84_EXOENZYME_C3_61,10,0,0,0,0,2,0,2,False
373,EXOENZYME,2,vpro_7_84_EXOENZYME_C3_65,6,0,0,0,0,0,0,0,False
374,EXOENZYME,2,vpro_7_84_EXOENZYME_C3_74,6,0,17,0,0,2,0,2,False
375,EXOENZYME,2,vpro_7_84_EXOENZYME_C3_86,6,0,13,0,2,4,2,4,True
376,EXOENZYME,2,vpro_7_84_EXOENZYME_C3_92,11,0,12,0,0,2,0,2,False
377,EXOENZYME,2,vpro_88_18_EXOENZYME_C3_13,0,0,0,0,0,10,0,10,False
378,EXOENZYME,2,vpro_88_18_EXOENZYME_C3_30,9,0,7,0,0,0,0,0,False
379,EXOENZYME,2,vpro_88_18_EXOENZYME_C3_39,5,0,8,0,0,1,0,1,False
380,EXOENZYME,2,vpro_88_18_EXOENZYME_C3_42,17,0,0,0,0,2,0,2,False
381,EXOENZYME,2,vpro_88_18_EXOENZYME_C3_46,17,0,0,0,0,2,0,2,False
382,EXOENZYME,2,vpro_88_18_EXOENZYME_C3_49,5,0,0,0,0,1,0,1,False
383,EXOENZYME,2,vpro_88_18_EXOENZYME_C3_58,8,0,11,0,1,0,1,0,False
384,EXOENZYME,2,vpro_88_18_EXOENZYME_C3_64,6,0,5,0,1,4,1,4,True
385,EXOENZYME,2,vpro_88_18_EXOENZYME_C3_75,3,0,0,0,0,3,0,3,False
386,EXOENZYME,2,vpro_88_18_EXOENZYME_C3_78,5,0,7,0,9,1,9,1,True
387,EXOENZYME,2,vpro_88_18_EXOENZYME_C3_81,6,0,8,0,0,3,0,3,False
388,EXOENZYME,2,vpro_88_18_EXOENZYME_C3_87,4,0,10,0,11,5,11,5,True
389,EXOENZYME,2,vpro_88_18_EXOENZYME_C3_93,5,0,10,1,9,0,10,0,False
390,EXOENZYME,2,vpro_88_18_EXOENZYME_C3_96,12,0,0,0,0,0,0,0,False
391,EXOENZYME,2,vpro_88_18_EXOENZYME_C3_97,15,0,0,0,0,0,0,0,False
392,EXOENZYME,2,vpro_88_18_EXOENZYME_C3_99,0,0,0,0,0,4,0,4,False
393,EXOENZYME,2,vpro_93_20_EXOENZYME_C3_2,9,0,0,0,0,0,0,0,False
394,EXOENZYME,2,vpro_93_20_EXOENZYME_C3_99,15,0,7,0,0,0,0,0,False
395,EXOENZYME,2,vpro_96_67_EXOENZYME_C4_1,13,0,0,0,0,0,0,0,False
396,EXOENZYME,2,vpro_96_67_EXOENZYME_C4_13,10,0,0,0,0,0,0,0,False
397,EXOENZYME,2,vpro_96_67_EXOENZYME_C4_38,9,0,0,0,0,0,0,0,False
398,EXOENZYME,2,vpro_96_67_EXOENZYME_C4_49,12,0,3,0,8,1,8,1,True
399,EXOENZYME,2,vpro_96_67_EXOENZYME_C4_61,8,0,1,0,11,1,11,1,True
400,EXOENZYME,2,vpro_96_67_EXOENZYME_C4_66,15,0,5,0,0,0,0,0,False
401,EXOENZYME,2,vpro_96_67_EXOENZYME_C4_76,9,0,3,0,4,0,4,0,False
402,EXOENZYME,2,vpro_96_67_EXOENZYME_C4_83,9,0,0,0,0,0,0,0,False
403,EXOENZYME,2,vpro_96_67_EXOENZYME_C4_90,5,0,5,11,2,0,13,0,False
404,EXOENZYME,2,vpro_96_67_EXOENZYME_C4_92,1,0,0,0,0,5,0,5,False
405,MIN,1,vpro_11_19_MIN_C3,63,0,0,0,0,7,0,7,False
406,MIN,1,vpro_18_48_MIN_C2,0,0,0,0,0,56,0,56,False
407,MIN,1,vpro_18_53_MIN_C1,0,0,0,0,0,44,0,44,False
408,MIN,1,vpro_19_70_MIN_C3,28,0,0,0,0,34,0,34,False
409,MIN,1,vpro_1_67_MIN_C3,36,0,0,0,0,10,0,10,False
410,MIN,1,vpro_20_2_MIN_C4,49,0,0,0,0,8,0,8,False
411,MIN,1,vpro_22_21_MIN_C2,0,2,0,0,0,41,0,43,False
412,MIN,1,vpro_29_34_MIN_C4,39,0,0,0,0,1,0,1,False
413,MIN,1,vpro_32_9_MIN_C2,0,0,0,0,0,44,0,44,False
414,MIN,1,vpro_37_28_MIN_C3,41,0,0,0,0,10,0,10,False
415,MIN,1,vpro_39_68_MIN_C2,0,0,0,0,0,33,0,33,False
416,MIN,1,vpro_40_7_MIN_C1,0,0,0,0,0,52,0,52,False
417,MIN,1,vpro_42_51_MIN_C2,0,0,0,0,0,37,0,37,False
418,MIN,1,vpro_42_55_MIN_C3,60,0,0,0,0,4,0,4,False
419,MIN,1,vpro_45_12_MIN_C3,0,0,0,0,0,48,0,48,False
420,MIN,1,vpro_49_40_MIN_C3,53,0,0,0,0,11,0,11,False
421,MIN,1,vpro_4_75_MIN_C1,0,0,0,0,0,36,0,36,False
422,MIN,1,vpro_50_72_MIN_C1,0,0,0,0,0,36,0,36,False
423,MIN,1,vpro_52_5_MIN_C2,0,0,0,0,0,47,0,47,False
424,MIN,1,vpro_54_94_MIN_C1,0,0,0,0,0,53,0,53,False
425,MIN,1,vpro_55_5_MIN_C2,0,0,0,0,0,65,0,65,False
426,MIN,1,vpro_57_53_MIN_C2,0,0,0,0,0,43,0,43,False
427,MIN,1,vpro_57_59_MIN_C3,0,0,0,0,0,45,0,45,False
428,MIN,1,vpro_58_5_MIN_C2,0,0,0,0,0,45,0,45,False
429,MIN,1,vpro_58_81_MIN_C1,0,0,0,0,0,45,0,45,False
430,MIN,1,vpro_60_20_MIN_C4,45,0,0,0,0,1,0,1,False
431,MIN,1,vpro_61_15_MIN_C4,38,0,0,0,0,8,0,8,False
432,MIN,1,vpro_63_2_MIN_C2,0,0,0,0,0,46,0,46,False
433,MIN,1,vpro_63_43_MIN_C2,0,0,0,0,0,48,0,48,False
434,MIN,1,vpro_64_97_MIN_C1,0,0,0,0,0,36,0,36,False
435,MIN,1,vpro_71_74_MIN_C2,0,0,0,0,0,38,0,38,False
436,MIN,1,vpro_75_4_MIN_C1,0,0,0,0,0,42,0,42,False
437,MIN,1,vpro_76_72_MIN_C1,0,0,0,0,0,45,0,45,False
438,MIN,1,vpro_77_30_MIN_C1,0,0,0,0,0,40,0,40,False
439,MIN,1,vpro_77_31_MIN_C3,23,0,0,0,0,11,0,11,False
440,MIN,1,vpro_83_30_MIN_C3,50,0,0,0,0,1,0,1,False
441,MIN,1,vpro_90_35_MIN_C2,0,0,0,0,0,33,0,33,False
442,MIN,1,vpro_90_91_MIN_C2,0,0,0,0,0,42,0,42,False
443,MIN,1,vpro_92_40_MIN_C1,0,0,0,0,0,49,0,49,False
444,MIN,1,vpro_93_22_MIN_C2,0,0,0,0,0,55,0,55,False
445,MIN,1,vpro_95_34_MIN_C3,0,0,0,0,0,54,0,54,False
446,MIN,1,vpro_96_36_MIN_C2,13,0,0,0,0,43,0,43,False
447,MIN,1,vpro_96_96_MIN_C3,38,0,0,0,0,10,0,10,False
448,MIN,1,vpro_97_57_MIN_C3,19,0,0,0,0,31,0,31,False
449,MIN,1,vpro_99_36_MIN_C3,28,0,0,0,0,12,0,12,False
450,MIXOTROPH,1,vpro_100_5_MIXOTROPH_C1,0,0,0,0,0,70,0,70,False
451,MIXOTROPH,1,vpro_12_70_MIXOTROPH_C4,72,0,0,0,0,0,0,0,False
452,MIXOTROPH,1,vpro_14_13_MIXOTROPH_C4,118,0,0,0,0,0,0,0,False
453,MIXOTROPH,1,vpro_17_75_MIXOTROPH_C2,0,0,0,0,0,65,0,65,False
454,MIXOTROPH,1,vpro_18_87_MIXOTROPH_C2,0,0,0,0,0,59,0,59,False
455,MIXOTROPH,1,vpro_19_32_MIXOTROPH_C1,0,0,0,0,0,62,0,62,False
456,MIXOTROPH,1,vpro_20_78_MIXOTROPH_C3,59,0,0,0,0,1,0,1,False
457,MIXOTROPH,1,vpro_25_10_MIXOTROPH_C2,0,0,0,0,0,64,0,64,False
458,MIXOTROPH,1,vpro_29_2_MIXOTROPH_C2,0,0,0,0,0,59,0,59,False
459,MIXOTROPH,1,vpro_34_2_MIXOTROPH_C1,0,0,0,0,0,61,0,61,False
460,MIXOTROPH,1,vpro_45_84_MIXOTROPH_C2,106,0,0,0,0,4,0,4,False
461,MIXOTROPH,1,vpro_4_59_MIXOTROPH_C1,0,0,0,0,0,56,0,56,False
462,MIXOTROPH,1,vpro_50_71_MIXOTROPH_C1,0,0,0,0,0,57,0,57,False
463,MIXOTROPH,1,vpro_52_45_MIXOTROPH_C2,0,0,0,0,0,62,0,62,False
464,MIXOTROPH,1,vpro_52_73_MIXOTROPH_C2,0,0,0,0,0,69,0,69,False
465,MIXOTROPH,1,vpro_54_14_MIXOTROPH_C2,49,0,0,0,0,3,0,3,False
466,MIXOTROPH,1,vpro_56_47_MIXOTROPH_C2,0,0,0,0,0,69,0,69,False
467,MIXOTROPH,1,vpro_57_20_MIXOTROPH_C2,17,0,0,0,0,58,0,58,False
468,MIXOTROPH,1,vpro_62_58_MIXOTROPH_C3,65,0,0,0,0,2,0,2,False
469,MIXOTROPH,1,vpro_64_90_MIXOTROPH_C2,0,0,0,0,0,57,0,57,False
470,MIXOTROPH,1,vpro_67_77_MIXOTROPH_C2,0,0,0,0,0,71,0,71,False
471,MIXOTROPH,1,vpro_70_5_MIXOTROPH_C3,28,0,0,0,0,19,0,19,False
472,MIXOTROPH,1,vpro_71_62_MIXOTROPH_C1,0,0,0,0,0,55,0,55,False
473,MIXOTROPH,1,vpro_72_22_MIXOTROPH_C3,34,0,0,0,0,23,0,23,False
474,MIXOTROPH,1,vpro_75_15_MIXOTROPH_C2,0,0,0,0,0,64,0,64,False
475,MIXOTROPH,1,vpro_75_99_MIXOTROPH_C1,9,0,0,0,0,44,0,44,False
476,MIXOTROPH,1,vpro_78_20_MIXOTROPH_C3,74,0,0,0,0,0,0,0,False
477,MIXOTROPH,1,vpro_78_38_MIXOTROPH_C2,53,0,0,0,0,2,0,2,False
478,MIXOTROPH,1,vpro_79_62_MIXOTROPH_C2,0,0,0,0,0,62,0,62,False
479,MIXOTROPH,1,vpro_80_74_MIXOTROPH_C2,141,0,0,0,0,7,0,7,False
480,MIXOTROPH,1,vpro_87_65_MIXOTROPH_C2,23,0,0,0,0,50,0,50,False
481,MIXOTROPH,1,vpro_89_32_MIXOTROPH_C1,0,0,0,0,0,56,0,56,False
482,MIXOTROPH,1,vpro_93_54_MIXOTROPH_C3,59,0,0,0,0,0,0,0,False
483,MIXOTROPH,1,vpro_93_73_MIXOTROPH_C3,76,0,0,0,0,2,0,2,False
484,MIXOTROPH,1,vpro_97_13_MIXOTROPH_C2,75,0,0,0,0,2,0,2,False
485,OVERFLOW,1,vpro_2_100_31_OVERFLOW,0,0,0,0,0,88,0,88,False
486,OVERFLOW,1,vpro_2_100_5_OVERFLOW,35,0,0,0,0,32,0,32,False
487,OVERFLOW,1,vpro_2_10_14_OVERFLOW,21,0,0,0,4,63,4,63,True
488,OVERFLOW,1,vpro_2_13_19_OVERFLOW,29,14,0,0,0,31,0,45,False
489,OVERFLOW,1,vpro_2_13_26_OVERFLOW,11,0,0,0,0,66,0,66,False
490,OVERFLOW,1,vpro_2_15_14_OVERFLOW,59,0,0,0,0,8,0,8,False
491,OVERFLOW,1,vpro_2_18_79_OVERFLOW,46,0,2,0,2,48,2,48,True
492,OVERFLOW,1,vpro_2_22_11_OVERFLOW,97,0,10,0,23,3,23,3,True
493,OVERFLOW,1,vpro_2_22_50_OVERFLOW,56,0,3,0,10,16,10,16,True
494,OVERFLOW,1,vpro_2_22_51_OVERFLOW,87,0,16,1,4,2,5,2,True
495,OVERFLOW,1,vpro_2_23_61_OVERFLOW,71,0,2,0,4,11,4,11,True
496,OVERFLOW,1,vpro_2_23_78_OVERFLOW,0,0,0,0,0,67,0,67,False
497,OVERFLOW,1,vpro_2_25_66_OVERFLOW,82,0,4,0,0,12,0,12,False
498,OVERFLOW,1,vpro_2_28_18_OVERFLOW,33,0,19,0,16,52,16,52,True
499,OVERFLOW,1,vpro_2_30_45_OVERFLOW,83,0,2,0,0,7,0,7,False
500,OVERFLOW,1,vpro_2_31_17_OVERFLOW,47,0,1,0,3,37,3,37,True
501,OVERFLOW,1,vpro_2_32_57_OVERFLOW,86,0,12,4,11,8,15,8,True
502,OVERFLOW,1,vpro_2_33_12_OVERFLOW,3,0,3,0,0,68,0,68,False
503,OVERFLOW,1,vpro_2_34_47_OVERFLOW,72,0,7,0,0,29,0,29,False
504,OVERFLOW,1,vpro_2_35_55_OVERFLOW,27,0,0,0,1,89,1,89,True
505,OVERFLOW,1,vpro_2_36_37_OVERFLOW,0,0,2,0,1,77,1,77,True
506,OVERFLOW,1,vpro_2_36_92_OVERFLOW,24,0,0,0,0,33,0,33,False
507,OVERFLOW,1,vpro_2_38_60_OVERFLOW,44,0,5,0,0,31,0,31,False
508,OVERFLOW,1,vpro_2_44_85_OVERFLOW,62,0,11,0,10,46,10,46,True
509,OVERFLOW,1,vpro_2_45_88_OVERFLOW,0,0,0,0,0,68,0,68,False
510,OVERFLOW,1,vpro_2_46_28_OVERFLOW,74,0,3,0,0,13,0,13,False
511,OVERFLOW,1,vpro_2_46_77_OVERFLOW,22,0,0,0,11,67,11,67,True
512,OVERFLOW,1,vpro_2_47_15_OVERFLOW,13,0,7,0,8,65,8,65,True
513,OVERFLOW,1,vpro_2_48_26_OVERFLOW,83,0,7,0,0,6,0,6,False
514,OVERFLOW,1,vpro_2_52_23_OVERFLOW,23,0,0,0,3,58,3,58,True
515,OVERFLOW,1,vpro_2_54_86_OVERFLOW,23,0,0,0,0,41,0,41,False
516,OVERFLOW,1,vpro_2_58_32_OVERFLOW,89,0,5,0,5,13,5,13,True
517,OVERFLOW,1,vpro_2_60_29_OVERFLOW,98,0,0,0,0,2,0,2,False
518,OVERFLOW,1,vpro_2_60_61_OVERFLOW,26,0,0,0,0,35,0,35,False
519,OVERFLOW,1,vpro_2_64_87_OVERFLOW,73,0,0,0,0,0,0,0,False
520,OVERFLOW,1,vpro_2_65_24_OVERFLOW,69,0,8,0,5,13,5,13,True
521,OVERFLOW,1,vpro_2_65_37_OVERFLOW,6,0,0,0,1,57,1,57,True
522,OVERFLOW,1,vpro_2_66_64_OVERFLOW,18,0,0,0,0,54,0,54,False
523,OVERFLOW,1,vpro_2_66_72_OVERFLOW,0,0,0,0,0,49,0,49,False
524,OVERFLOW,1,vpro_2_67_20_OVERFLOW,72,0,0,0,0,7,0,7,False
525,OVERFLOW,1,vpro_2_68_32_OVERFLOW,119,0,13,0,7,2,7,2,True
526,OVERFLOW,1,vpro_2_69_81_OVERFLOW,62,0,0,0,0,12,0,12,False
527,OVERFLOW,1,vpro_2_75_28_OVERFLOW,59,0,0,0,0,8,0,8,False
528,OVERFLOW,1,vpro_2_79_41_OVERFLOW,57,0,0,0,0,4,0,4,False
529,OVERFLOW,1,vpro_2_79_60_OVERFLOW,14,0,10,0,13,71,13,71,True
530,OVERFLOW,1,vpro_2_80_73_OVERFLOW,56,0,10,0,9,41,9,41,True
531,OVERFLOW,1,vpro_2_83_45_OVERFLOW,67,0,1,0,6,32,6,32,True
532,OVERFLOW,1,vpro_2_83_53_OVERFLOW,88,0,3,0,4,10,4,10,True
533,OVERFLOW,1,vpro_2_83_63_OVERFLOW,66,0,5,0,11,17,11,17,True
534,OVERFLOW,1,vpro_2_85_90_OVERFLOW,33,0,0,0,0,32,0,32,False
535,OVERFLOW,1,vpro_2_88_4_OVERFLOW,10,0,0,0,0,68,0,68,False
536,OVERFLOW,1,vpro_2_91_13_OVERFLOW,88,0,6,0,0,8,0,8,False
537,OVERFLOW,1,vpro_2_94_87_OVERFLOW,99,0,5,0,0,4,0,4,False
538,OVERFLOW,1,vpro_2_97_16_OVERFLOW,47,0,10,0,10,42,10,42,True
539,OVERFLOW,1,vpro_2_99_15_OVERFLOW,27,0,0,0,0,29,0,29,False
540,OVERFLOW,2,vpro_2_10_14_OVERFLOW_0,1,0,0,0,0,11,0,11,False
541,OVERFLOW,2,vpro_2_10_14_OVERFLOW_1,2,0,0,0,0,7,0,7,False
542,OVERFLOW,2,vpro_2_10_14_OVERFLOW_24,1,0,0,0,0,4,0,4,False
543,OVERFLOW,2,vpro_2_10_14_OVERFLOW_28,4,0,0,0,0,8,0,8,False
544,OVERFLOW,2,vpro_2_10_14_OVERFLOW_31,0,0,1,0,2,17,2,17,True
545,OVERFLOW,2,vpro_2_10_14_OVERFLOW_35,3,0,0,0,0,7,0,7,False
546,OVERFLOW,2,vpro_2_10_14_OVERFLOW_37,2,0,0,0,0,2,0,2,False
547,OVERFLOW,2,vpro_2_10_14_OVERFLOW_39,6,0,0,0,1,14,1,14,True
548,OVERFLOW,2,vpro_2_10_14_OVERFLOW_41,1,0,1,0,2,10,2,10,True
549,OVERFLOW,2,vpro_2_10_14_OVERFLOW_43,2,0,0,0,0,12,0,12,False
550,OVERFLOW,2,vpro_2_10_14_OVERFLOW_52,3,0,0,0,0,13,0,13,False
551,OVERFLOW,2,vpro_2_10_14_OVERFLOW_57,4,0,0,0,0,6,0,6,False
552,OVERFLOW,2,vpro_2_10_14_OVERFLOW_6,2,0,0,0,0,9,0,9,False
553,OVERFLOW,2,vpro_2_10_14_OVERFLOW_61,6,0,0,0,0,11,0,11,False
554,OVERFLOW,2,vpro_2_10_14_OVERFLOW_64,3,0,0,0,0,10,0,10,False
555,OVERFLOW,2,vpro_2_10_14_OVERFLOW_66,0,0,0,0,0,9,0,9,False
556,OVERFLOW,2,vpro_2_10_14_OVERFLOW_72,0,0,0,0,0,11,0,11,False
557,OVERFLOW,2,vpro_2_10_14_OVERFLOW_74,0,0,0,0,1,11,1,11,True
558,OVERFLOW,2,vpro_2_10_14_OVERFLOW_78,2,0,0,0,0,11,0,11,False
559,OVERFLOW,2,vpro_2_10_14_OVERFLOW_81,3,0,0,0,0,8,0,8,False
560,OVERFLOW,2,vpro_2_10_14_OVERFLOW_88,10,0,0,0,0,0,0,0,False
561,OVERFLOW,2,vpro_2_10_14_OVERFLOW_90,2,0,0,0,0,8,0,8,False
562,OVERFLOW,2,vpro_2_10_14_OVERFLOW_91,0,0,0,0,1,9,1,9,True
563,OVERFLOW,2,vpro_2_10_14_OVERFLOW_92,3,0,0,0,0,10,0,10,False
564,OVERFLOW,2,vpro_2_13_19_OVERFLOW_14,5,4,0,0,0,2,0,6,False
565,OVERFLOW,2,vpro_2_13_19_OVERFLOW_17,8,0,0,0,0,3,0,3,False
566,OVERFLOW,2,vpro_2_13_19_OVERFLOW_18,7,2,0,0,1,3,1,5,True
567,OVERFLOW,2,vpro_2_13_19_OVERFLOW_22,24,0,0,0,0,1,0,1,False
568,OVERFLOW,2,vpro_2_13_19_OVERFLOW_31,2,1,0,0,0,3,0,4,False
569,OVERFLOW,2,vpro_2_13_19_OVERFLOW_36,3,0,0,0,0,8,0,8,False
570,OVERFLOW,2,vpro_2_13_19_OVERFLOW_44,0,0,0,0,0,8,0,8,False
571,OVERFLOW,2,vpro_2_13_19_OVERFLOW_51,1,0,0,0,0,16,0,16,False
572,OVERFLOW,2,vpro_2_13_19_OVERFLOW_62,11,0,0,0,0,7,0,7,False
573,OVERFLOW,2,vpro_2_13_19_OVERFLOW_63,8,0,0,0,0,9,0,9,False
574,OVERFLOW,2,vpro_2_13_19_OVERFLOW_67,5,0,0,0,0,5,0,5,False
575,OVERFLOW,2,vpro_2_13_19_OVERFLOW_7,4,0,0,0,0,5,0,5,False
576,OVERFLOW,2,vpro_2_13_19_OVERFLOW_73,12,0,2,0,0,2,0,2,False
577,OVERFLOW,2,vpro_2_13_19_OVERFLOW_8,4,1,0,0,0,3,0,4,False
578,OVERFLOW,2,vpro_2_13_19_OVERFLOW_85,8,0,0,0,0,6,0,6,False
579,OVERFLOW,2,vpro_2_13_19_OVERFLOW_86,5,0,0,0,0,8,0,8,False
580,OVERFLOW,2,vpro_2_13_19_OVERFLOW_9,6,0,0,0,0,11,0,11,False
581,OVERFLOW,2,vpro_2_13_19_OVERFLOW_90,6,0,0,0,0,14,0,14,False
582,OVERFLOW,2,vpro_2_13_19_OVERFLOW_91,9,0,0,0,0,3,0,3,False
583,OVERFLOW,2,vpro_2_13_19_OVERFLOW_93,1,0,0,0,0,9,0,9,False
584,OVERFLOW,2,vpro_2_18_79_OVERFLOW_0,13,0,0,0,0,8,0,8,False
585,OVERFLOW,2,vpro_2_18_79_OVERFLOW_11,17,0,1,1,3,2,4,2,True
586,OVERFLOW,2,vpro_2_18_79_OVERFLOW_13,7,0,1,0,0,4,0,4,False
587,OVERFLOW,2,vpro_2_18_79_OVERFLOW_16,3,0,0,0,0,7,0,7,False
588,OVERFLOW,2,vpro_2_18_79_OVERFLOW_21,19,0,4,0,0,1,0,1,False
589,OVERFLOW,2,vpro_2_18_79_OVERFLOW_31,15,0,2,0,0,0,0,0,False
590,OVERFLOW,2,vpro_2_18_79_OVERFLOW_32,13,0,0,0,0,2,0,2,False
591,OVERFLOW,2,vpro_2_18_79_OVERFLOW_36,10,0,0,0,0,1,0,1,False
592,OVERFLOW,2,vpro_2_18_79_OVERFLOW_41,6,0,0,0,0,2,0,2,False
593,OVERFLOW,2,vpro_2_18_79_OVERFLOW_5,6,0,0,0,0,3,0,3,False
594,OVERFLOW,2,vpro_2_18_79_OVERFLOW_51,6,0,0,0,0,6,0,6,False
595,OVERFLOW,2,vpro_2_18_79_OVERFLOW_53,0,0,0,0,0,12,0,12,False
596,OVERFLOW,2,vpro_2_18_79_OVERFLOW_55,7,0,0,0,1,0,1,0,False
597,OVERFLOW,2,vpro_2_18_79_OVERFLOW_56,6,0,0,0,0,11,0,11,False
598,OVERFLOW,2,vpro_2_18_79_OVERFLOW_60,8,0,0,0,0,6,0,6,False
599,OVERFLOW,2,vpro_2_18_79_OVERFLOW_70,6,0,1,0,0,7,0,7,False
600,OVERFLOW,2,vpro_2_18_79_OVERFLOW_71,7,0,0,0,2,7,2,7,True
601,OVERFLOW,2,vpro_2_18_79_OVERFLOW_73,7,0,0,0,0,3,0,3,False
602,OVERFLOW,2,vpro_2_18_79_OVERFLOW_79,1,0,4,0,0,10,0,10,False
603,OVERFLOW,2,vpro_2_18_79_OVERFLOW_80,6,0,0,0,0,5,0,5,False
604,OVERFLOW,2,vpro_2_18_79_OVERFLOW_85,2,0,0,0,0,3,0,3,False
605,OVERFLOW,2,vpro_2_18_79_OVERFLOW_92,20,0,0,0,0,5,0,5,False
606,OVERFLOW,2,vpro_2_22_11_OVERFLOW_0,9,0,0,0,0,0,0,0,False
607,OVERFLOW,2,vpro_2_22_11_OVERFLOW_18,19,0,1,0,2,1,2,1,True
608,OVERFLOW,2,vpro_2_22_11_OVERFLOW_22,17,0,1,1,1,0,2,0,False
609,OVERFLOW,2,vpro_2_22_11_OVERFLOW_24,12,0,0,0,1,5,1,5,True
610,OVERFLOW,2,vpro_2_22_11_OVERFLOW_25,11,0,1,0,1,0,1,0,False
611,OVERFLOW,2,vpro_2_22_11_OVERFLOW_30,21,0,0,0,0,0,0,0,False
612,OVERFLOW,2,vpro_2_22_11_OVERFLOW_32,0,0,0,0,0,8,0,8,False
613,OVERFLOW,2,vpro_2_22_11_OVERFLOW_35,22,0,0,0,0,0,0,0,False
614,OVERFLOW,2,vpro_2_22_11_OVERFLOW_40,16,0,0,0,0,1,0,1,False
615,OVERFLOW,2,vpro_2_22_11_OVERFLOW_45,18,0,0,0,0,1,0,1,False
616,OVERFLOW,2,vpro_2_22_11_OVERFLOW_56,28,0,1,0,1,0,1,0,False
617,OVERFLOW,2,vpro_2_22_11_OVERFLOW_63,18,0,0,0,1,1,1,1,True
618,OVERFLOW,2,vpro_2_22_11_OVERFLOW_69,13,0,2,0,0,3,0,3,False
619,OVERFLOW,2,vpro_2_22_11_OVERFLOW_7,15,0,1,3,0,1,3,1,True
620,OVERFLOW,2,vpro_2_22_11_OVERFLOW_98,21,0,2,0,1,2,1,2,True
621,OVERFLOW,2,vpro_2_22_50_OVERFLOW_1,14,0,1,0,1,4,1,4,True
622,OVERFLOW,2,vpro_2_22_50_OVERFLOW_11,11,0,0,0,0,3,0,3,False
623,OVERFLOW,2,vpro_2_22_50_OVERFLOW_14,9,0,0,0,0,2,0,2,False
624,OVERFLOW,2,vpro_2_22_50_OVERFLOW_15,1,0,1,0,3,20,3,20,True
625,OVERFLOW,2,vpro_2_22_50_OVERFLOW_16,2,0,1,0,0,12,0,12,False
626,OVERFLOW,2,vpro_2_22_50_OVERFLOW_20,4,0,0,0,0,12,0,12,False
627,OVERFLOW,2,vpro_2_22_50_OVERFLOW_22,11,0,0,0,0,3,0,3,False
628,OVERFLOW,2,vpro_2_22_50_OVERFLOW_28,11,0,1,0,0,7,0,7,False
629,OVERFLOW,2,vpro_2_22_50_OVERFLOW_3,7,0,0,0,0,2,0,2,False
630,OVERFLOW,2,vpro_2_22_50_OVERFLOW_43,13,0,1,0,2,4,2,4,True
631,OVERFLOW,2,vpro_2_22_50_OVERFLOW_44,6,0,0,0,0,4,0,4,False
632,OVERFLOW,2,vpro_2_22_50_OVERFLOW_49,9,0,0,0,0,4,0,4,False
633,OVERFLOW,2,vpro_2_22_50_OVERFLOW_50,16,0,0,0,1,1,1,1,True
634,OVERFLOW,2,vpro_2_22_50_OVERFLOW_51,13,0,1,0,0,3,0,3,False
635,OVERFLOW,2,vpro_2_22_50_OVERFLOW_57,16,0,0,0,0,1,0,1,False
636,OVERFLOW,2,vpro_2_22_50_OVERFLOW_59,13,0,0,0,0,6,0,6,False
637,OVERFLOW,2,vpro_2_22_50_OVERFLOW_63,13,0,1,0,0,0,0,0,False
638,OVERFLOW,2,vpro_2_22_50_OVERFLOW_64,14,0,0,0,1,2,1,2,True
639,OVERFLOW,2,vpro_2_22_50_OVERFLOW_78,11,0,0,0,0,3,0,3,False
640,OVERFLOW,2,vpro_2_22_50_OVERFLOW_80,19,1,0,0,0,3,0,4,False
641,OVERFLOW,2,vpro_2_22_50_OVERFLOW_88,4,0,0,0,0,9,0,9,False
642,OVERFLOW,2,vpro_2_22_51_OVERFLOW_1,15,0,0,0,0,0,0,0,False
643,OVERFLOW,2,vpro_2_22_51_OVERFLOW_12,16,0,1,0,2,4,2,4,True
644,OVERFLOW,2,vpro_2_22_51_OVERFLOW_13,19,0,0,0,1,0,1,0,False
645,OVERFLOW,2,vpro_2_22_51_OVERFLOW_29,20,0,3,0,1,1,1,1,True
646,OVERFLOW,2,vpro_2_22_51_OVERFLOW_41,14,0,0,0,0,0,0,0,False
647,OVERFLOW,2,vpro_2_22_51_OVERFLOW_43,8,0,0,0,0,0,0,0,False
648,OVERFLOW,2,vpro_2_22_51_OVERFLOW_60,13,0,0,0,0,0,0,0,False
649,OVERFLOW,2,vpro_2_22_51_OVERFLOW_61,30,0,2,0,0,2,0,2,False
650,OVERFLOW,2,vpro_2_22_51_OVERFLOW_62,16,0,0,0,0,0,0,0,False
651,OVERFLOW,2,vpro_2_22_51_OVERFLOW_65,9,0,0,0,0,1,0,1,False
652,OVERFLOW,2,vpro_2_22_51_OVERFLOW_72,17,0,2,0,0,1,0,1,False
653,OVERFLOW,2,vpro_2_22_51_OVERFLOW_74,15,0,1,0,1,0,1,0,False
654,OVERFLOW,2,vpro_2_22_51_OVERFLOW_79,31,0,5,0,0,0,0,0,False
655,OVERFLOW,2,vpro_2_22_51_OVERFLOW_8,24,0,2,0,0,1,0,1,False
656,OVERFLOW,2,vpro_2_22_51_OVERFLOW_81,14,0,0,0,0,0,0,0,False
657,OVERFLOW,2,vpro_2_22_51_OVERFLOW_84,23,0,3,0,3,0,3,0,False
658,OVERFLOW,2,vpro_2_22_51_OVERFLOW_89,20,0,1,0,0,0,0,0,False
659,OVERFLOW,2,vpro_2_22_51_OVERFLOW_91,13,0,3,3,2,1,5,1,True
660,OVERFLOW,2,vpro_2_23_61_OVERFLOW_19,11,0,0,0,0,2,0,2,False
661,OVERFLOW,2,vpro_2_23_61_OVERFLOW_23,8,0,0,0,0,3,0,3,False
662,OVERFLOW,2,vpro_2_23_61_OVERFLOW_28,10,0,0,0,0,1,0,1,False
663,OVERFLOW,2,vpro_2_23_61_OVERFLOW_33,15,0,0,0,1,4,1,4,True
664,OVERFLOW,2,vpro_2_23_61_OVERFLOW_34,12,0,0,0,0,0,0,0,False
665,OVERFLOW,2,vpro_2_23_61_OVERFLOW_35,12,0,1,0,0,1,0,1,False
666,OVERFLOW,2,vpro_2_23_61_OVERFLOW_38,17,0,0,0,0,1,0,1,False
667,OVERFLOW,2,vpro_2_23_61_OVERFLOW_40,11,0,0,0,1,4,1,4,True
668,OVERFLOW,2,vpro_2_23_61_OVERFLOW_46,0,0,2,0,1,12,1,12,True
669,OVERFLOW,2,vpro_2_23_61_OVERFLOW_52,12,0,0,0,0,0,0,0,False
670,OVERFLOW,2,vpro_2_23_61_OVERFLOW_55,15,0,0,0,0,6,0,6,False
671,OVERFLOW,2,vpro_2_23_61_OVERFLOW_56,21,0,1,0,1,6,1,6,True
672,OVERFLOW,2,vpro_2_23_61_OVERFLOW_6,19,0,0,0,0,0,0,0,False
673,OVERFLOW,2,vpro_2_23_61_OVERFLOW_63,15,0,0,0,1,1,1,1,True
674,OVERFLOW,2,vpro_2_23_61_OVERFLOW_64,3,0,3,0,0,16,0,16,False
675,OVERFLOW,2,vpro_2_23_61_OVERFLOW_72,21,0,0,0,1,7,1,7,True
676,OVERFLOW,2,vpro_2_23_61_OVERFLOW_79,16,0,2,0,1,0,1,0,False
677,OVERFLOW,2,vpro_2_23_61_OVERFLOW_84,16,0,2,0,0,0,0,0,False
678,OVERFLOW,2,vpro_2_23_61_OVERFLOW_88,7,0,0,0,0,1,0,1,False
679,OVERFLOW,2,vpro_2_23_61_OVERFLOW_89,14,0,2,0,1,0,1,0,False
680,OVERFLOW,2,vpro_2_28_18_OVERFLOW_0,8,0,3,0,3,9,3,9,True
681,OVERFLOW,2,vpro_2_28_18_OVERFLOW_17,11,0,3,0,4,7,4,7,True
682,OVERFLOW,2,vpro_2_28_18_OVERFLOW_3,9,0,1,0,0,17,0,17,False
683,OVERFLOW,2,vpro_2_28_18_OVERFLOW_31,7,0,0,0,0,6,0,6,False
684,OVERFLOW,2,vpro_2_28_18_OVERFLOW_33,17,0,2,0,0,0,0,0,False
685,OVERFLOW,2,vpro_2_28_18_OVERFLOW_41,13,0,4,0,0,0,0,0,False
686,OVERFLOW,2,vpro_2_28_18_OVERFLOW_45,7,0,3,0,0,18,0,18,False
687,OVERFLOW,2,vpro_2_28_18_OVERFLOW_46,5,0,0,0,0,11,0,11,False
688,OVERFLOW,2,vpro_2_28_18_OVERFLOW_48,12,0,0,0,0,2,0,2,False
689,OVERFLOW,2,vpro_2_28_18_OVERFLOW_55,5,0,1,0,0,16,0,16,False
690,OVERFLOW,2,vpro_2_28_18_OVERFLOW_58,7,0,0,0,0,8,0,8,False
691,OVERFLOW,2,vpro_2_28_18_OVERFLOW_67,7,0,0,0,0,9,0,9,False
692,OVERFLOW,2,vpro_2_28_18_OVERFLOW_74,5,0,0,0,0,7,0,7,False
693,OVERFLOW,2,vpro_2_28_18_OVERFLOW_79,4,0,0,0,0,9,0,9,False
694,OVERFLOW,2,vpro_2_28_18_OVERFLOW_80,2,0,2,0,0,8,0,8,False
695,OVERFLOW,2,vpro_2_28_18_OVERFLOW_85,13,0,0,0,0,0,0,0,False
696,OVERFLOW,2,vpro_2_28_18_OVERFLOW_86,20,0,1,0,0,0,0,0,False
697,OVERFLOW,2,vpro_2_28_18_OVERFLOW_91,6,0,0,0,0,15,0,15,False
698,OVERFLOW,2,vpro_2_28_18_OVERFLOW_94,5,0,0,0,0,14,0,14,False
699,OVERFLOW,2,vpro_2_28_18_OVERFLOW_97,5,0,0,0,0,11,0,11,False
700,OVERFLOW,2,vpro_2_31_17_OVERFLOW_1,4,0,0,0,0,7,0,7,False
701,OVERFLOW,2,vpro_2_31_17_OVERFLOW_14,9,0,0,0,0,0,0,0,False
702,OVERFLOW,2,vpro_2_31_17_OVERFLOW_32,6,0,0,0,0,4,0,4,False
703,OVERFLOW,2,vpro_2_31_17_OVERFLOW_34,0,0,1,0,0,6,0,6,False
704,OVERFLOW,2,vpro_2_31_17_OVERFLOW_35,6,0,0,0,0,3,0,3,False
705,OVERFLOW,2,vpro_2_31_17_OVERFLOW_48,5,0,0,0,0,11,0,11,False
706,OVERFLOW,2,vpro_2_31_17_OVERFLOW_50,5,0,0,0,1,7,1,7,True
707,OVERFLOW,2,vpro_2_31_17_OVERFLOW_52,6,0,0,0,0,11,0,11,False
708,OVERFLOW,2,vpro_2_31_17_OVERFLOW_54,2,0,0,0,0,17,0,17,False
709,OVERFLOW,2,vpro_2_31_17_OVERFLOW_59,5,0,0,0,0,5,0,5,False
710,OVERFLOW,2,vpro_2_31_17_OVERFLOW_6,7,0,0,0,1,7,1,7,True
711,OVERFLOW,2,vpro_2_31_17_OVERFLOW_60,7,0,0,0,0,9,0,9,False
712,OVERFLOW,2,vpro_2_31_17_OVERFLOW_67,0,0,3,0,0,10,0,10,False
713,OVERFLOW,2,vpro_2_31_17_OVERFLOW_69,5,0,1,0,0,9,0,9,False
714,OVERFLOW,2,vpro_2_31_17_OVERFLOW_7,0,0,0,0,0,12,0,12,False
715,OVERFLOW,2,vpro_2_31_17_OVERFLOW_75,4,0,0,0,0,7,0,7,False
716,OVERFLOW,2,vpro_2_31_17_OVERFLOW_8,0,0,0,0,1,16,1,16,True
717,OVERFLOW,2,vpro_2_31_17_OVERFLOW_83,10,0,0,0,0,5,0,5,False
718,OVERFLOW,2,vpro_2_31_17_OVERFLOW_95,12,0,3,0,4,2,4,2,True
719,OVERFLOW,2,vpro_2_32_57_OVERFLOW_12,9,0,0,0,0,4,0,4,False
720,OVERFLOW,2,vpro_2_32_57_OVERFLOW_17,13,0,0,0,0,0,0,0,False
721,OVERFLOW,2,vpro_2_32_57_OVERFLOW_25,5,0,0,0,0,7,0,7,False
722,OVERFLOW,2,vpro_2_32_57_OVERFLOW_27,16,0,0,0,0,1,0,1,False
723,OVERFLOW,2,vpro_2_32_57_OVERFLOW_28,9,0,0,0,0,1,0,1,False
724,OVERFLOW,2,vpro_2_32_57_OVERFLOW_29,10,0,0,0,0,1,0,1,False
725,OVERFLOW,2,vpro_2_32_57_OVERFLOW_3,14,0,4,0,0,3,0,3,False
726,OVERFLOW,2,vpro_2_32_57_OVERFLOW_35,1,0,1,0,2,14,2,14,True
727,OVERFLOW,2,vpro_2_32_57_OVERFLOW_52,11,0,0,3,1,1,4,1,True
728,OVERFLOW,2,vpro_2_32_57_OVERFLOW_56,8,0,0,0,0,11,0,11,False
729,OVERFLOW,2,vpro_2_32_57_OVERFLOW_57,8,0,0,0,2,2,2,2,True
730,OVERFLOW,2,vpro_2_32_57_OVERFLOW_58,12,0,1,0,2,4,2,4,True
731,OVERFLOW,2,vpro_2_32_57_OVERFLOW_65,7,0,0,0,0,4,0,4,False
732,OVERFLOW,2,vpro_2_32_57_OVERFLOW_66,16,0,0,0,0,3,0,3,False
733,OVERFLOW,2,vpro_2_32_57_OVERFLOW_72,8,0,0,0,0,1,0,1,False
734,OVERFLOW,2,vpro_2_32_57_OVERFLOW_73,14,0,1,0,3,4,3,4,True
735,OVERFLOW,2,vpro_2_32_57_OVERFLOW_74,7,0,0,0,0,3,0,3,False
736,OVERFLOW,2,vpro_2_32_57_OVERFLOW_85,12,0,4,0,0,2,0,2,False
737,OVERFLOW,2,vpro_2_32_57_OVERFLOW_88,16,0,1,0,0,2,0,2,False
738,OVERFLOW,2,vpro_2_32_57_OVERFLOW_90,16,0,0,0,0,4,0,4,False
739,OVERFLOW,2,vpro_2_35_55_OVERFLOW_10,3,0,0,0,0,10,0,10,False
740,OVERFLOW,2,vpro_2_35_55_OVERFLOW_14,3,0,0,0,0,4,0,4,False
741,OVERFLOW,2,vpro_2_35_55_OVERFLOW_4,5,0,1,0,1,10,1,10,True
742,OVERFLOW,2,vpro_2_35_55_OVERFLOW_42,0,0,1,0,0,12,0,12,False
743,OVERFLOW,2,vpro_2_35_55_OVERFLOW_44,0,0,0,0,1,16,1,16,True
744,OVERFLOW,2,vpro_2_35_55_OVERFLOW_48,6,0,0,0,0,12,0,12,False
745,OVERFLOW,2,vpro_2_35_55_OVERFLOW_51,0,0,0,0,0,6,0,6,False
746,OVERFLOW,2,vpro_2_35_55_OVERFLOW_52,6,0,0,0,0,9,0,9,False
747,OVERFLOW,2,vpro_2_35_55_OVERFLOW_54,1,0,0,0,0,8,0,8,False
748,OVERFLOW,2,vpro_2_35_55_OVERFLOW_55,4,0,0,0,0,16,0,16,False
749,OVERFLOW,2,vpro_2_35_55_OVERFLOW_56,2,0,0,0,0,8,0,8,False
750,OVERFLOW,2,vpro_2_35_55_OVERFLOW_57,3,0,0,0,0,13,0,13,False
751,OVERFLOW,2,vpro_2_35_55_OVERFLOW_60,2,0,0,0,0,11,0,11,False
752,OVERFLOW,2,vpro_2_35_55_OVERFLOW_62,1,0,0,0,1,14,1,14,True
753,OVERFLOW,2,vpro_2_35_55_OVERFLOW_63,5,0,1,0,2,20,2,20,True
754,OVERFLOW,2,vpro_2_35_55_OVERFLOW_72,0,0,0,0,1,14,1,14,True
755,OVERFLOW,2,vpro_2_35_55_OVERFLOW_75,4,0,0,0,0,7,0,7,False
756,OVERFLOW,2,vpro_2_35_55_OVERFLOW_76,0,0,0,0,0,8,0,8,False
757,OVERFLOW,2,vpro_2_35_55_OVERFLOW_80,0,0,1,0,2,11,2,11,True
758,OVERFLOW,2,vpro_2_35_55_OVERFLOW_85,3,0,0,0,0,9,0,9,False
759,OVERFLOW,2,vpro_2_35_55_OVERFLOW_95,2,0,0,0,0,5,0,5,False
760,OVERFLOW,2,vpro_2_35_55_OVERFLOW_97,0,0,0,0,0,16,0,16,False
761,OVERFLOW,2,vpro_2_36_37_OVERFLOW_11,5,0,0,0,0,12,0,12,False
762,OVERFLOW,2,vpro_2_36_37_OVERFLOW_14,0,0,0,0,0,14,0,14,False
763,OVERFLOW,2,vpro_2_36_37_OVERFLOW_16,0,0,0,0,0,13,0,13,False
764,OVERFLOW,2,vpro_2_36_37_OVERFLOW_17,0,0,0,0,0,15,0,15,False
765,OVERFLOW,2,vpro_2_36_37_OVERFLOW_22,0,0,0,0,0,13,0,13,False
766,OVERFLOW,2,vpro_2_36_37_OVERFLOW_24,0,0,0,0,0,9,0,9,False
767,OVERFLOW,2,vpro_2_36_37_OVERFLOW_28,0,0,0,0,0,16,0,16,False
768,OVERFLOW,2,vpro_2_36_37_OVERFLOW_32,0,0,0,0,1,6,1,6,True
769,OVERFLOW,2,vpro_2_36_37_OVERFLOW_45,0,0,0,0,0,17,0,17,False
770,OVERFLOW,2,vpro_2_36_37_OVERFLOW_48,4,0,0,0,0,8,0,8,False
771,OVERFLOW,2,vpro_2_36_37_OVERFLOW_50,0,0,0,0,0,12,0,12,False
772,OVERFLOW,2,vpro_2_36_37_OVERFLOW_52,0,0,0,0,0,7,0,7,False
773,OVERFLOW,2,vpro_2_36_37_OVERFLOW_68,0,0,0,0,0,12,0,12,False
774,OVERFLOW,2,vpro_2_36_37_OVERFLOW_73,0,0,0,0,0,11,0,11,False
775,OVERFLOW,2,vpro_2_36_37_OVERFLOW_75,0,0,0,0,0,11,0,11,False
776,OVERFLOW,2,vpro_2_36_37_OVERFLOW_77,0,0,0,0,0,12,0,12,False
777,OVERFLOW,2,vpro_2_36_37_OVERFLOW_84,1,0,0,0,0,6,0,6,False
778,OVERFLOW,2,vpro_2_36_37_OVERFLOW_85,0,0,0,0,0,11,0,11,False
779,OVERFLOW,2,vpro_2_36_37_OVERFLOW_99,1,0,0,0,0,9,0,9,False
780,OVERFLOW,2,vpro_2_44_85_OVERFLOW_14,8,0,1,0,0,11,0,11,False
781,OVERFLOW,2,vpro_2_44_85_OVERFLOW_16,5,0,1,0,2,2,2,2,True
782,OVERFLOW,2,vpro_2_44_85_OVERFLOW_19,3,0,0,0,0,3,0,3,False
783,OVERFLOW,2,vpro_2_44_85_OVERFLOW_21,5,0,0,0,0,5,0,5,False
784,OVERFLOW,2,vpro_2_44_85_OVERFLOW_23,10,0,0,0,0,4,0,4,False
785,OVERFLOW,2,vpro_2_44_85_OVERFLOW_28,17,0,0,0,0,1,0,1,False
786,OVERFLOW,2,vpro_2_44_85_OVERFLOW_30,16,0,2,0,1,2,1,2,True
787,OVERFLOW,2,vpro_2_44_85_OVERFLOW_31,1,0,7,0,0,13,0,13,False
788,OVERFLOW,2,vpro_2_44_85_OVERFLOW_39,11,0,0,0,0,1,0,1,False
789,OVERFLOW,2,vpro_2_44_85_OVERFLOW_47,7,0,0,0,0,5,0,5,False
790,OVERFLOW,2,vpro_2_44_85_OVERFLOW_53,12,0,0,0,0,2,0,2,False
791,OVERFLOW,2,vpro_2_44_85_OVERFLOW_56,6,0,0,0,0,9,0,9,False
792,OVERFLOW,2,vpro_2_44_85_OVERFLOW_60,10,0,0,0,0,5,0,5,False
793,OVERFLOW,2,vpro_2_44_85_OVERFLOW_75,14,0,2,0,0,4,0,4,False
794,OVERFLOW,2,vpro_2_44_85_OVERFLOW_79,4,0,0,0,0,9,0,9,False
795,OVERFLOW,2,vpro_2_44_85_OVERFLOW_80,1,0,3,0,2,10,2,10,True
796,OVERFLOW,2,vpro_2_44_85_OVERFLOW_81,4,0,0,0,0,7,0,7,False
797,OVERFLOW,2,vpro_2_44_85_OVERFLOW_83,13,0,0,0,0,3,0,3,False
798,OVERFLOW,2,vpro_2_44_85_OVERFLOW_84,8,0,1,0,2,5,2,5,True
799,OVERFLOW,2,vpro_2_44_85_OVERFLOW_85,11,0,0,0,1,3,1,3,True
800,OVERFLOW,2,vpro_2_44_85_OVERFLOW_9,9,0,2,0,3,5,3,5,True
801,OVERFLOW,2,vpro_2_46_77_OVERFLOW_16,3,0,1,0,1,8,1,8,True
802,OVERFLOW,2,vpro_2_46_77_OVERFLOW_17,4,0,0,0,0,5,0,5,False
803,OVERFLOW,2,vpro_2_46_77_OVERFLOW_2,3,0,0,0,2,8,2,8,True
804,OVERFLOW,2,vpro_2_46_77_OVERFLOW_21,5,0,0,0,0,17,0,17,False
805,OVERFLOW,2,vpro_2_46_77_OVERFLOW_22,3,0,0,0,0,9,0,9,False
806,OVERFLOW,2,vpro_2_46_77_OVERFLOW_3,1,0,0,0,2,11,2,11,True
807,OVERFLOW,2,vpro_2_46_77_OVERFLOW_34,4,0,0,0,0,8,0,8,False
808,OVERFLOW,2,vpro_2_46_77_OVERFLOW_35,2,0,0,0,3,8,3,8,True
809,OVERFLOW,2,vpro_2_46_77_OVERFLOW_59,4,0,0,0,0,7,0,7,False
810,OVERFLOW,2,vpro_2_46_77_OVERFLOW_61,1,0,0,0,0,9,0,9,False
811,OVERFLOW,2,vpro_2_46_77_OVERFLOW_7,6,0,0,0,0,9,0,9,False
812,OVERFLOW,2,vpro_2_46_77_OVERFLOW_74,2,0,0,0,0,8,0,8,False
813,OVERFLOW,2,vpro_2_46_77_OVERFLOW_76,4,0,0,0,0,7,0,7,False
814,OVERFLOW,2,vpro_2_46_77_OVERFLOW_80,2,0,0,0,2,10,2,10,True
815,OVERFLOW,2,vpro_2_46_77_OVERFLOW_83,3,0,0,0,0,7,0,7,False
816,OVERFLOW,2,vpro_2_46_77_OVERFLOW_88,2,0,1,0,1,16,1,16,True
817,OVERFLOW,2,vpro_2_46_77_OVERFLOW_91,5,0,1,0,0,7,0,7,False
818,OVERFLOW,2,vpro_2_46_77_OVERFLOW_92,6,0,0,0,1,7,1,7,True
819,OVERFLOW,2,vpro_2_47_15_OVERFLOW_1,6,0,0,0,0,10,0,10,False
820,OVERFLOW,2,vpro_2_47_15_OVERFLOW_12,6,0,0,0,1,19,1,19,True
821,OVERFLOW,2,vpro_2_47_15_OVERFLOW_14,3,0,1,0,3,12,3,12,True
822,OVERFLOW,2,vpro_2_47_15_OVERFLOW_15,15,0,0,0,0,1,0,1,False
823,OVERFLOW,2,vpro_2_47_15_OVERFLOW_20,3,0,0,0,0,10,0,10,False
824,OVERFLOW,2,vpro_2_47_15_OVERFLOW_3,6,0,0,0,2,10,2,10,True
825,OVERFLOW,2,vpro_2_47_15_OVERFLOW_31,2,0,0,0,0,10,0,10,False
826,OVERFLOW,2,vpro_2_47_15_OVERFLOW_34,0,0,0,0,1,17,1,17,True
827,OVERFLOW,2,vpro_2_47_15_OVERFLOW_35,6,0,0,0,0,9,0,9,False
828,OVERFLOW,2,vpro_2_47_15_OVERFLOW_36,7,0,1,0,5,13,5,13,True
829,OVERFLOW,2,vpro_2_47_15_OVERFLOW_37,4,0,0,0,5,13,5,13,True
830,OVERFLOW,2,vpro_2_47_15_OVERFLOW_43,3,0,1,0,0,9,0,9,False
831,OVERFLOW,2,vpro_2_47_15_OVERFLOW_5,1,0,0,0,0,13,0,13,False
832,OVERFLOW,2,vpro_2_47_15_OVERFLOW_52,3,0,3,0,0,14,0,14,False
833,OVERFLOW,2,vpro_2_47_15_OVERFLOW_53,4,0,2,0,2,16,2,16,True
834,OVERFLOW,2,vpro_2_47_15_OVERFLOW_57,13,0,6,3,2,2,5,2,True
835,OVERFLOW,2,vpro_2_47_15_OVERFLOW_58,6,0,0,0,0,4,0,4,False
836,OVERFLOW,2,vpro_2_47_15_OVERFLOW_61,3,0,2,0,0,16,0,16,False
837,OVERFLOW,2,vpro_2_47_15_OVERFLOW_67,5,0,1,0,0,8,0,8,False
838,OVERFLOW,2,vpro_2_47_15_OVERFLOW_69,4,0,0,0,0,9,0,9,False
839,OVERFLOW,2,vpro_2_47_15_OVERFLOW_72,6,0,1,0,0,12,0,12,False
840,OVERFLOW,2,vpro_2_47_15_OVERFLOW_74,6,0,0,0,0,15,0,15,False
841,OVERFLOW,2,vpro_2_47_15_OVERFLOW_76,2,0,0,0,0,14,0,14,False
842,OVERFLOW,2,vpro_2_47_15_OVERFLOW_94,1,0,0,0,0,9,0,9,False
843,OVERFLOW,2,vpro_2_52_23_OVERFLOW_11,0,0,0,0,0,11,0,11,False
844,OVERFLOW,2,vpro_2_52_23_OVERFLOW_12,4,0,0,0,2,11,2,11,True
845,OVERFLOW,2,vpro_2_52_23_OVERFLOW_2,0,0,0,0,0,11,0,11,False
846,OVERFLOW,2,vpro_2_52_23_OVERFLOW_36,3,0,0,0,0,11,0,11,False
847,OVERFLOW,2,vpro_2_52_23_OVERFLOW_37,5,0,0,0,0,8,0,8,False
848,OVERFLOW,2,vpro_2_52_23_OVERFLOW_39,3,0,0,0,0,16,0,16,False
849,OVERFLOW,2,vpro_2_52_23_OVERFLOW_4,2,0,0,0,1,15,1,15,True
850,OVERFLOW,2,vpro_2_52_23_OVERFLOW_41,7,1,0,0,1,10,1,11,True
851,OVERFLOW,2,vpro_2_52_23_OVERFLOW_43,1,0,0,0,0,10,0,10,False
852,OVERFLOW,2,vpro_2_52_23_OVERFLOW_44,3,0,0,0,0,11,0,11,False
853,OVERFLOW,2,vpro_2_52_23_OVERFLOW_47,11,0,0,0,0,1,0,1,False
854,OVERFLOW,2,vpro_2_52_23_OVERFLOW_57,2,0,0,0,0,6,0,6,False
855,OVERFLOW,2,vpro_2_52_23_OVERFLOW_59,2,0,0,0,0,13,0,13,False
856,OVERFLOW,2,vpro_2_52_23_OVERFLOW_61,2,0,0,0,0,10,0,10,False
857,OVERFLOW,2,vpro_2_52_23_OVERFLOW_65,5,0,0,0,0,1,0,1,False
858,OVERFLOW,2,vpro_2_52_23_OVERFLOW_67,0,0,0,0,0,11,0,11,False
859,OVERFLOW,2,vpro_2_52_23_OVERFLOW_69,7,0,0,0,2,12,2,12,True
860,OVERFLOW,2,vpro_2_52_23_OVERFLOW_70,2,0,0,0,0,8,0,8,False
861,OVERFLOW,2,vpro_2_52_23_OVERFLOW_80,5,0,0,0,0,11,0,11,False
862,OVERFLOW,2,vpro_2_52_23_OVERFLOW_89,9,0,0,0,0,9,0,9,False
863,OVERFLOW,2,vpro_2_52_23_OVERFLOW_92,3,0,1,0,0,11,0,11,False
864,OVERFLOW,2,vpro_2_52_23_OVERFLOW_94,5,0,0,0,1,8,1,8,True
865,OVERFLOW,2,vpro_2_58_32_OVERFLOW_0,5,0,0,0,0,7,0,7,False
866,OVERFLOW,2,vpro_2_58_32_OVERFLOW_1,10,0,1,0,1,3,1,3,True
867,OVERFLOW,2,vpro_2_58_32_OVERFLOW_13,19,0,1,0,2,3,2,3,True
868,OVERFLOW,2,vpro_2_58_32_OVERFLOW_18,18,0,0,0,1,1,1,1,True
869,OVERFLOW,2,vpro_2_58_32_OVERFLOW_19,14,0,5,0,0,1,0,1,False
870,OVERFLOW,2,vpro_2_58_32_OVERFLOW_20,7,0,1,0,2,8,2,8,True
871,OVERFLOW,2,vpro_2_58_32_OVERFLOW_21,8,0,0,0,0,1,0,1,False
872,OVERFLOW,2,vpro_2_58_32_OVERFLOW_23,0,0,2,0,1,15,1,15,True
873,OVERFLOW,2,vpro_2_58_32_OVERFLOW_24,16,0,2,0,0,0,0,0,False
874,OVERFLOW,2,vpro_2_58_32_OVERFLOW_26,15,0,1,0,0,4,0,4,False
875,OVERFLOW,2,vpro_2_58_32_OVERFLOW_31,8,0,0,0,0,0,0,0,False
876,OVERFLOW,2,vpro_2_58_32_OVERFLOW_33,14,0,0,0,3,4,3,4,True
877,OVERFLOW,2,vpro_2_58_32_OVERFLOW_37,13,0,1,0,0,1,0,1,False
878,OVERFLOW,2,vpro_2_58_32_OVERFLOW_46,1,0,0,0,0,12,0,12,False
879,OVERFLOW,2,vpro_2_58_32_OVERFLOW_52,25,0,2,0,1,0,1,0,False
880,OVERFLOW,2,vpro_2_58_32_OVERFLOW_56,13,0,0,0,3,2,3,2,True
881,OVERFLOW,2,vpro_2_58_32_OVERFLOW_6,3,0,0,0,0,7,0,7,False
882,OVERFLOW,2,vpro_2_58_32_OVERFLOW_67,13,0,1,0,2,7,2,7,True
883,OVERFLOW,2,vpro_2_58_32_OVERFLOW_71,14,0,0,0,0,0,0,0,False
884,OVERFLOW,2,vpro_2_58_32_OVERFLOW_72,12,0,2,0,0,3,0,3,False
885,OVERFLOW,2,vpro_2_58_32_OVERFLOW_76,0,0,1,0,1,23,1,23,True
886,OVERFLOW,2,vpro_2_58_32_OVERFLOW_86,17,0,3,1,4,2,5,2,True
887,OVERFLOW,2,vpro_2_58_32_OVERFLOW_94,10,0,0,0,0,0,0,0,False
888,OVERFLOW,2,vpro_2_65_24_OVERFLOW_10,9,0,0,0,0,13,0,13,False
889,OVERFLOW,2,vpro_2_65_24_OVERFLOW_18,3,0,0,0,0,6,0,6,False
890,OVERFLOW,2,vpro_2_65_24_OVERFLOW_2,12,0,0,0,0,3,0,3,False
891,OVERFLOW,2,vpro_2_65_24_OVERFLOW_22,14,0,0,0,0,5,0,5,False
892,OVERFLOW,2,vpro_2_65_24_OVERFLOW_26,20,0,0,0,0,1,0,1,False
893,OVERFLOW,2,vpro_2_65_24_OVERFLOW_31,12,0,0,0,0,1,0,1,False
894,OVERFLOW,2,vpro_2_65_24_OVERFLOW_35,11,0,0,0,0,3,0,3,False
895,OVERFLOW,2,vpro_2_65_24_OVERFLOW_37,10,0,0,0,0,7,0,7,False
896,OVERFLOW,2,vpro_2_65_24_OVERFLOW_38,15,0,1,0,0,1,0,1,False
897,OVERFLOW,2,vpro_2_65_24_OVERFLOW_4,0,0,1,0,2,16,2,16,True
898,OVERFLOW,2,vpro_2_65_24_OVERFLOW_40,8,0,0,0,0,2,0,2,False
899,OVERFLOW,2,vpro_2_65_24_OVERFLOW_46,9,0,0,0,2,4,2,4,True
900,OVERFLOW,2,vpro_2_65_24_OVERFLOW_57,7,0,1,0,2,4,2,4,True
901,OVERFLOW,2,vpro_2_65_24_OVERFLOW_6,4,0,0,0,0,9,0,9,False
902,OVERFLOW,2,vpro_2_65_24_OVERFLOW_64,6,0,0,0,3,5,3,5,True
903,OVERFLOW,2,vpro_2_65_24_OVERFLOW_67,6,0,0,0,0,9,0,9,False
904,OVERFLOW,2,vpro_2_65_24_OVERFLOW_73,7,0,0,0,3,8,3,8,True
905,OVERFLOW,2,vpro_2_65_24_OVERFLOW_78,19,0,1,0,3,2,3,2,True
906,OVERFLOW,2,vpro_2_65_24_OVERFLOW_81,8,0,0,0,0,2,0,2,False
907,OVERFLOW,2,vpro_2_65_24_OVERFLOW_84,11,0,1,0,2,4,2,4,True
908,OVERFLOW,2,vpro_2_65_24_OVERFLOW_9,11,0,0,0,0,5,0,5,False
909,OVERFLOW,2,vpro_2_65_24_OVERFLOW_91,8,0,1,0,0,3,0,3,False
910,OVERFLOW,2,vpro_2_65_24_OVERFLOW_93,5,0,0,0,0,4,0,4,False
911,OVERFLOW,2,vpro_2_65_37_OVERFLOW_1,0,0,0,0,2,15,2,15,True
912,OVERFLOW,2,vpro_2_65_37_OVERFLOW_16,1,0,0,0,0,7,0,7,False
913,OVERFLOW,2,vpro_2_65_37_OVERFLOW_18,0,0,0,0,0,8,0,8,False
914,OVERFLOW,2,vpro_2_65_37_OVERFLOW_19,0,0,0,0,0,17,0,17,False
915,OVERFLOW,2,vpro_2_65_37_OVERFLOW_20,3,0,0,0,0,15,0,15,False
916,OVERFLOW,2,vpro_2_65_37_OVERFLOW_37,1,0,0,0,0,14,0,14,False
917,OVERFLOW,2,vpro_2_65_37_OVERFLOW_4,2,0,0,0,0,7,0,7,False
918,OVERFLOW,2,vpro_2_65_37_OVERFLOW_58,1,0,0,0,1,22,1,22,True
919,OVERFLOW,2,vpro_2_65_37_OVERFLOW_67,0,0,0,0,0,13,0,13,False
920,OVERFLOW,2,vpro_2_65_37_OVERFLOW_73,7,5,0,0,0,5,0,10,False
921,OVERFLOW,2,vpro_2_65_37_OVERFLOW_89,0,0,0,0,0,15,0,15,False
922,OVERFLOW,2,vpro_2_65_37_OVERFLOW_9,0,0,0,0,0,13,0,13,False
923,OVERFLOW,2,vpro_2_65_37_OVERFLOW_90,0,0,0,0,0,5,0,5,False
924,OVERFLOW,2,vpro_2_65_37_OVERFLOW_92,2,0,1,0,2,13,2,13,True
925,OVERFLOW,2,vpro_2_65_37_OVERFLOW_94,4,0,0,0,0,15,0,15,False
926,OVERFLOW,2,vpro_2_68_32_OVERFLOW_13,10,0,0,0,0,1,0,1,False
927,OVERFLOW,2,vpro_2_68_32_OVERFLOW_18,16,0,2,2,2,1,4,1,True
928,OVERFLOW,2,vpro_2_68_32_OVERFLOW_2,19,0,3,1,1,0,2,0,False
929,OVERFLOW,2,vpro_2_68_32_OVERFLOW_26,14,0,1,0,1,1,1,1,True
930,OVERFLOW,2,vpro_2_68_32_OVERFLOW_27,13,0,0,0,1,6,1,6,True
931,OVERFLOW,2,vpro_2_68_32_OVERFLOW_28,15,0,2,0,0,2,0,2,False
932,OVERFLOW,2,vpro_2_68_32_OVERFLOW_29,15,0,2,0,0,0,0,0,False
933,OVERFLOW,2,vpro_2_68_32_OVERFLOW_3,13,0,1,0,1,0,1,0,False
934,OVERFLOW,2,vpro_2_68_32_OVERFLOW_34,24,0,1,0,0,0,0,0,False
935,OVERFLOW,2,vpro_2_68_32_OVERFLOW_40,15,0,0,0,4,0,4,0,False
936,OVERFLOW,2,vpro_2_68_32_OVERFLOW_42,19,0,3,0,0,0,0,0,False
937,OVERFLOW,2,vpro_2_68_32_OVERFLOW_45,11,0,3,0,0,4,0,4,False
938,OVERFLOW,2,vpro_2_68_32_OVERFLOW_58,13,0,7,0,1,0,1,0,False
939,OVERFLOW,2,vpro_2_68_32_OVERFLOW_6,12,0,0,0,0,0,0,0,False
940,OVERFLOW,2,vpro_2_68_32_OVERFLOW_60,13,0,3,0,6,1,6,1,True
941,OVERFLOW,2,vpro_2_68_32_OVERFLOW_62,9,0,3,1,2,6,3,6,True
942,OVERFLOW,2,vpro_2_68_32_OVERFLOW_66,17,0,2,0,0,0,0,0,False
943,OVERFLOW,2,vpro_2_68_32_OVERFLOW_67,6,0,0,0,0,2,0,2,False
944,OVERFLOW,2,vpro_2_68_32_OVERFLOW_94,15,0,0,0,0,1,0,1,False
945,OVERFLOW,2,vpro_2_68_32_OVERFLOW_97,10,0,0,0,0,0,0,0,False
946,OVERFLOW,2,vpro_2_68_32_OVERFLOW_99,15,0,5,0,0,0,0,0,False
947,OVERFLOW,2,vpro_2_79_60_OVERFLOW_0,3,0,3,0,0,6,0,6,False
948,OVERFLOW,2,vpro_2_79_60_OVERFLOW_1,4,0,3,0,0,11,0,11,False
949,OVERFLOW,2,vpro_2_79_60_OVERFLOW_14,5,0,0,0,0,6,0,6,False
950,OVERFLOW,2,vpro_2_79_60_OVERFLOW_19,8,0,0,0,0,7,0,7,False
951,OVERFLOW,2,vpro_2_79_60_OVERFLOW_22,4,0,2,0,0,15,0,15,False
952,OVERFLOW,2,vpro_2_79_60_OVERFLOW_28,7,0,4,0,2,9,2,9,True
953,OVERFLOW,2,vpro_2_79_60_OVERFLOW_33,6,0,1,0,1,3,1,3,True
954,OVERFLOW,2,vpro_2_79_60_OVERFLOW_35,9,0,1,0,3,0,3,0,False
955,OVERFLOW,2,vpro_2_79_60_OVERFLOW_40,3,0,1,0,1,15,1,15,True
956,OVERFLOW,2,vpro_2_79_60_OVERFLOW_44,5,0,2,0,0,10,0,10,False
957,OVERFLOW,2,vpro_2_79_60_OVERFLOW_48,19,0,0,0,2,0,2,0,False
958,OVERFLOW,2,vpro_2_79_60_OVERFLOW_49,14,0,2,0,1,6,1,6,True
959,OVERFLOW,2,vpro_2_79_60_OVERFLOW_51,7,0,0,0,0,4,0,4,False
960,OVERFLOW,2,vpro_2_79_60_OVERFLOW_52,2,0,2,0,1,12,1,12,True
961,OVERFLOW,2,vpro_2_79_60_OVERFLOW_57,8,0,0,0,0,0,0,0,False
962,OVERFLOW,2,vpro_2_79_60_OVERFLOW_58,12,0,2,0,3,2,3,2,True
963,OVERFLOW,2,vpro_2_79_60_OVERFLOW_63,0,0,0,0,0,11,0,11,False
964,OVERFLOW,2,vpro_2_79_60_OVERFLOW_67,0,0,0,0,0,8,0,8,False
965,OVERFLOW,2,vpro_2_79_60_OVERFLOW_69,3,0,2,0,0,7,0,7,False
966,OVERFLOW,2,vpro_2_79_60_OVERFLOW_82,10,0,2,0,0,10,0,10,False
967,OVERFLOW,2,vpro_2_79_60_OVERFLOW_83,2,0,0,0,0,10,0,10,False
968,OVERFLOW,2,vpro_2_79_60_OVERFLOW_88,12,0,3,0,0,6,0,6,False
969,OVERFLOW,2,vpro_2_79_60_OVERFLOW_89,3,0,4,0,0,10,0,10,False
970,OVERFLOW,2,vpro_2_79_60_OVERFLOW_93,6,0,0,0,0,7,0,7,False
971,OVERFLOW,2,vpro_2_79_60_OVERFLOW_96,2,0,2,0,0,12,0,12,False
972,OVERFLOW,2,vpro_2_80_73_OVERFLOW_0,11,0,0,0,0,0,0,0,False
973,OVERFLOW,2,vpro_2_80_73_OVERFLOW_1,14,0,4,0,0,3,0,3,False
974,OVERFLOW,2,vpro_2_80_73_OVERFLOW_11,7,0,2,0,2,0,2,0,False
975,OVERFLOW,2,vpro_2_80_73_OVERFLOW_14,2,0,1,0,0,17,0,17,False
976,OVERFLOW,2,vpro_2_80_73_OVERFLOW_22,0,0,0,0,0,14,0,14,False
977,OVERFLOW,2,vpro_2_80_73_OVERFLOW_23,5,0,2,0,0,13,0,13,False
978,OVERFLOW,2,vpro_2_80_73_OVERFLOW_25,16,0,4,0,2,0,2,0,False
979,OVERFLOW,2,vpro_2_80_73_OVERFLOW_30,7,0,1,0,0,8,0,8,False
980,OVERFLOW,2,vpro_2_80_73_OVERFLOW_33,9,0,0,0,0,5,0,5,False
981,OVERFLOW,2,vpro_2_80_73_OVERFLOW_4,6,0,0,0,0,10,0,10,False
982,OVERFLOW,2,vpro_2_80_73_OVERFLOW_49,4,0,1,0,0,8,0,8,False
983,OVERFLOW,2,vpro_2_80_73_OVERFLOW_5,15,0,1,0,0,3,0,3,False
984,OVERFLOW,2,vpro_2_80_73_OVERFLOW_55,4,0,0,0,1,9,1,9,True
985,OVERFLOW,2,vpro_2_80_73_OVERFLOW_58,5,0,0,0,1,6,1,6,True
986,OVERFLOW,2,vpro_2_80_73_OVERFLOW_59,11,0,0,0,0,4,0,4,False
987,OVERFLOW,2,vpro_2_80_73_OVERFLOW_60,5,0,2,0,1,6,1,6,True
988,OVERFLOW,2,vpro_2_80_73_OVERFLOW_62,9,0,2,0,1,6,1,6,True
989,OVERFLOW,2,vpro_2_80_73_OVERFLOW_67,0,0,0,0,0,15,0,15,False
990,OVERFLOW,2,vpro_2_80_73_OVERFLOW_70,13,0,1,0,1,11,1,11,True
991,OVERFLOW,2,vpro_2_80_73_OVERFLOW_78,3,0,2,0,0,18,0,18,False
992,OVERFLOW,2,vpro_2_80_73_OVERFLOW_8,5,0,0,0,0,14,0,14,False
993,OVERFLOW,2,vpro_2_80_73_OVERFLOW_82,15,0,0,0,0,3,0,3,False
994,OVERFLOW,2,vpro_2_80_73_OVERFLOW_85,8,0,0,0,3,9,3,9,True
995,OVERFLOW,2,vpro_2_80_73_OVERFLOW_94,7,0,0,0,0,5,0,5,False
996,OVERFLOW,2,vpro_2_83_45_OVERFLOW_17,0,0,0,0,0,12,0,12,False
997,OVERFLOW,2,vpro_2_83_45_OVERFLOW_29,4,0,0,0,0,0,0,0,False
998,OVERFLOW,2,vpro_2_83_45_OVERFLOW_3,1,0,0,0,0,13,0,13,False
999,OVERFLOW,2,vpro_2_83_45_OVERFLOW_31,9,0,0,0,0,2,0,2,False
1000,OVERFLOW,2,vpro_2_83_45_OVERFLOW_34,10,0,0,0,0,7,0,7,False
1001,OVERFLOW,2,vpro_2_83_45_OVERFLOW_36,6,0,0,0,0,1,0,1,False
1002,OVERFLOW,2,vpro_2_83_45_OVERFLOW_39,4,0,0,0,0,6,0,6,False
1003,OVERFLOW,2,vpro_2_83_45_OVERFLOW_41,8,0,0,0,0,2,0,2,False
1004,OVERFLOW,2,vpro_2_83_45_OVERFLOW_54,9,0,4,0,3,5,3,5,True
1005,OVERFLOW,2,vpro_2_83_45_OVERFLOW_61,4,0,0,0,0,4,0,4,False
1006,OVERFLOW,2,vpro_2_83_45_OVERFLOW_62,7,0,1,0,1,6,1,6,True
1007,OVERFLOW,2,vpro_2_83_45_OVERFLOW_63,14,0,0,0,0,2,0,2,False
1008,OVERFLOW,2,vpro_2_83_45_OVERFLOW_78,7,0,0,0,0,5,0,5,False
1009,OVERFLOW,2,vpro_2_83_45_OVERFLOW_80,7,0,0,0,0,6,0,6,False
1010,OVERFLOW,2,vpro_2_83_45_OVERFLOW_84,1,0,0,0,0,11,0,11,False
1011,OVERFLOW,2,vpro_2_83_45_OVERFLOW_89,0,0,0,0,0,8,0,8,False
1012,OVERFLOW,2,vpro_2_83_45_OVERFLOW_97,13,0,0,0,0,1,0,1,False
1013,OVERFLOW,2,vpro_2_83_45_OVERFLOW_98,13,0,1,0,1,3,1,3,True
1014,OVERFLOW,2,vpro_2_83_53_OVERFLOW_1,11,0,0,0,0,1,0,1,False
1015,OVERFLOW,2,vpro_2_83_53_OVERFLOW_22,0,0,2,0,2,13,2,13,True
1016,OVERFLOW,2,vpro_2_83_53_OVERFLOW_24,11,0,2,0,2,2,2,2,True
1017,OVERFLOW,2,vpro_2_83_53_OVERFLOW_28,21,0,0,0,0,1,0,1,False
1018,OVERFLOW,2,vpro_2_83_53_OVERFLOW_30,17,0,0,0,1,1,1,1,True
1019,OVERFLOW,2,vpro_2_83_53_OVERFLOW_32,0,0,0,0,2,23,2,23,True
1020,OVERFLOW,2,vpro_2_83_53_OVERFLOW_34,6,0,0,0,0,7,0,7,False
1021,OVERFLOW,2,vpro_2_83_53_OVERFLOW_38,12,0,0,1,0,1,1,1,True
1022,OVERFLOW,2,vpro_2_83_53_OVERFLOW_4,9,0,0,0,0,0,0,0,False
1023,OVERFLOW,2,vpro_2_83_53_OVERFLOW_43,18,0,0,0,0,0,0,0,False
1024,OVERFLOW,2,vpro_2_83_53_OVERFLOW_47,11,0,0,0,0,1,0,1,False
1025,OVERFLOW,2,vpro_2_83_53_OVERFLOW_51,16,0,0,0,1,1,1,1,True
1026,OVERFLOW,2,vpro_2_83_53_OVERFLOW_54,18,0,0,0,1,0,1,0,False
1027,OVERFLOW,2,vpro_2_83_53_OVERFLOW_57,18,0,0,0,0,0,0,0,False
1028,OVERFLOW,2,vpro_2_83_53_OVERFLOW_6,8,0,0,0,0,0,0,0,False
1029,OVERFLOW,2,vpro_2_83_53_OVERFLOW_64,1,0,1,0,0,24,0,24,False
1030,OVERFLOW,2,vpro_2_83_53_OVERFLOW_65,15,0,0,0,0,0,0,0,False
1031,OVERFLOW,2,vpro_2_83_53_OVERFLOW_68,11,0,0,0,0,0,0,0,False
1032,OVERFLOW,2,vpro_2_83_53_OVERFLOW_69,19,0,0,0,2,0,2,0,False
1033,OVERFLOW,2,vpro_2_83_53_OVERFLOW_70,10,0,0,0,0,1,0,1,False
1034,OVERFLOW,2,vpro_2_83_53_OVERFLOW_79,10,0,0,0,0,2,0,2,False
1035,OVERFLOW,2,vpro_2_83_53_OVERFLOW_83,10,0,0,0,0,1,0,1,False
1036,OVERFLOW,2,vpro_2_83_63_OVERFLOW_24,8,0,0,0,0,8,0,8,False
1037,OVERFLOW,2,vpro_2_83_63_OVERFLOW_26,24,0,1,0,1,0,1,0,False
1038,OVERFLOW,2,vpro_2_83_63_OVERFLOW_28,19,0,1,0,0,6,0,6,False
1039,OVERFLOW,2,vpro_2_83_63_OVERFLOW_29,13,0,2,0,1,2,1,2,True
1040,OVERFLOW,2,vpro_2_83_63_OVERFLOW_32,9,0,3,0,0,1,0,1,False
1041,OVERFLOW,2,vpro_2_83_63_OVERFLOW_50,11,0,0,0,0,5,0,5,False
1042,OVERFLOW,2,vpro_2_83_63_OVERFLOW_51,15,0,1,0,0,5,0,5,False
1043,OVERFLOW,2,vpro_2_83_63_OVERFLOW_53,23,0,2,0,0,1,0,1,False
1044,OVERFLOW,2,vpro_2_83_63_OVERFLOW_54,1,0,1,0,0,12,0,12,False
1045,OVERFLOW,2,vpro_2_83_63_OVERFLOW_56,7,0,1,0,1,7,1,7,True
1046,OVERFLOW,2,vpro_2_83_63_OVERFLOW_57,13,0,0,0,0,0,0,0,False
1047,OVERFLOW,2,vpro_2_83_63_OVERFLOW_68,9,0,2,0,0,3,0,3,False
1048,OVERFLOW,2,vpro_2_83_63_OVERFLOW_7,20,0,3,0,3,0,3,0,False
1049,OVERFLOW,2,vpro_2_83_63_OVERFLOW_70,11,0,1,0,0,3,0,3,False
1050,OVERFLOW,2,vpro_2_83_63_OVERFLOW_77,11,0,0,0,0,5,0,5,False
1051,OVERFLOW,2,vpro_2_83_63_OVERFLOW_79,13,0,2,0,0,1,0,1,False
1052,OVERFLOW,2,vpro_2_83_63_OVERFLOW_81,12,0,1,0,3,0,3,0,False
1053,OVERFLOW,2,vpro_2_83_63_OVERFLOW_87,10,0,2,0,1,2,1,2,True
1054,OVERFLOW,2,vpro_2_83_63_OVERFLOW_95,3,0,0,0,0,10,0,10,False
1055,OVERFLOW,2,vpro_2_83_63_OVERFLOW_98,7,0,0,0,0,2,0,2,False
1056,OVERFLOW,2,vpro_2_91_13_OVERFLOW_10,13,0,0,0,0,5,0,5,False
1057,OVERFLOW,2,vpro_2_91_13_OVERFLOW_11,7,0,0,0,0,1,0,1,False
1058,OVERFLOW,2,vpro_2_91_13_OVERFLOW_12,13,0,1,0,0,3,0,3,False
1059,OVERFLOW,2,vpro_2_91_13_OVERFLOW_16,9,0,0,0,0,2,0,2,False
1060,OVERFLOW,2,vpro_2_91_13_OVERFLOW_19,14,0,0,0,0,1,0,1,False
1061,OVERFLOW,2,vpro_2_91_13_OVERFLOW_23,6,0,0,0,0,9,0,9,False
1062,OVERFLOW,2,vpro_2_91_13_OVERFLOW_27,13,0,2,0,0,0,0,0,False
1063,OVERFLOW,2,vpro_2_91_13_OVERFLOW_41,16,0,2,0,0,3,0,3,False
1064,OVERFLOW,2,vpro_2_91_13_OVERFLOW_45,7,0,0,0,0,1,0,1,False
1065,OVERFLOW,2,vpro_2_91_13_OVERFLOW_52,12,0,1,0,0,7,0,7,False
1066,OVERFLOW,2,vpro_2_91_13_OVERFLOW_53,4,0,0,0,0,12,0,12,False
1067,OVERFLOW,2,vpro_2_91_13_OVERFLOW_56,14,0,0,0,0,1,0,1,False
1068,OVERFLOW,2,vpro_2_91_13_OVERFLOW_64,11,0,1,0,1,2,1,2,True
1069,OVERFLOW,2,vpro_2_91_13_OVERFLOW_67,8,0,0,0,0,7,0,7,False
1070,OVERFLOW,2,vpro_2_91_13_OVERFLOW_78,5,0,0,0,0,13,0,13,False
1071,OVERFLOW,2,vpro_2_91_13_OVERFLOW_8,6,0,0,0,2,6,2,6,True
1072,OVERFLOW,2,vpro_2_91_13_OVERFLOW_89,2,0,3,0,0,15,0,15,False
1073,OVERFLOW,2,vpro_2_91_13_OVERFLOW_9,13,0,2,0,0,4,0,4,False
1074,OVERFLOW,2,vpro_2_91_13_OVERFLOW_95,15,0,0,0,0,0,0,0,False
1075,OVERFLOW,2,vpro_2_91_13_OVERFLOW_97,2,0,0,0,0,13,0,13,False
1076,OVERFLOW,2,vpro_2_97_16_OVERFLOW_0,0,0,1,0,1,13,1,13,True
1077,OVERFLOW,2,vpro_2_97_16_OVERFLOW_12,5,0,0,0,4,8,4,8,True
1078,OVERFLOW,2,vpro_2_97_16_OVERFLOW_14,0,0,5,0,1,9,1,9,True
1079,OVERFLOW,2,vpro_2_97_16_OVERFLOW_16,19,0,1,0,1,2,1,2,True
1080,OVERFLOW,2,vpro_2_97_16_OVERFLOW_19,4,0,3,0,0,12,0,12,False
1081,OVERFLOW,2,vpro_2_97_16_OVERFLOW_2,0,0,2,0,0,14,0,14,False
1082,OVERFLOW,2,vpro_2_97_16_OVERFLOW_38,2,0,0,0,0,5,0,5,False
1083,OVERFLOW,2,vpro_2_97_16_OVERFLOW_44,19,0,3,0,1,3,1,3,True
1084,OVERFLOW,2,vpro_2_97_16_OVERFLOW_45,2,0,2,0,0,10,0,10,False
1085,OVERFLOW,2,vpro_2_97_16_OVERFLOW_49,6,0,1,0,0,8,0,8,False
1086,OVERFLOW,2,vpro_2_97_16_OVERFLOW_50,12,0,1,0,1,4,1,4,True
1087,OVERFLOW,2,vpro_2_97_16_OVERFLOW_57,2,0,1,0,0,13,0,13,False
1088,OVERFLOW,2,vpro_2_97_16_OVERFLOW_60,5,0,5,0,0,4,0,4,False
1089,OVERFLOW,2,vpro_2_97_16_OVERFLOW_7,12,0,0,0,0,2,0,2,False
1090,OVERFLOW,2,vpro_2_97_16_OVERFLOW_70,1,0,0,0,1,15,1,15,True
1091,OVERFLOW,2,vpro_2_97_16_OVERFLOW_71,7,0,2,0,1,2,1,2,True
1092,OVERFLOW,2,vpro_2_97_16_OVERFLOW_73,0,0,0,0,0,6,0,6,False
1093,OVERFLOW,2,vpro_2_97_16_OVERFLOW_8,7,0,1,0,3,4,3,4,True
1094,OVERFLOW,2,vpro_2_97_16_OVERFLOW_87,5,0,0,0,0,8,0,8,False
1095,OVERFLOW,2,vpro_2_97_16_OVERFLOW_88,11,0,2,0,3,6,3,6,True
1096,OVERFLOW,2,vpro_2_97_16_OVERFLOW_93,4,0,0,0,0,10,0,10,False
1097,OVERFLOW,2,vpro_2_97_16_OVERFLOW_95,10,0,2,0,3,13,3,13,True
1098,OVERFLOW,2,vpro_2_97_16_OVERFLOW_99,8,0,1,0,2,5,2,5,True
1099,ROS,1,vpro_12_6_ROS_C1,0,1,0,0,0,56,0,57,False
1100,ROS,1,vpro_19_33_ROS_C0,2,0,61,190,11,1,201,1,True
1101,ROS,1,vpro_20_86_ROS_C3,58,0,0,0,0,14,0,14,False
1102,ROS,1,vpro_23_17_ROS_C1,0,0,0,0,0,54,0,54,False
1103,ROS,1,vpro_28_63_ROS_C2,0,0,0,0,0,55,0,55,False
1104,ROS,1,vpro_29_46_ROS_C2,0,0,0,0,0,35,0,35,False
1105,ROS,1,vpro_39_48_ROS_C1,0,0,0,0,0,56,0,56,False
1106,ROS,1,vpro_43_56_ROS_C2,0,0,0,0,0,71,0,71,False
1107,ROS,1,vpro_45_18_ROS_C4,18,0,0,0,0,55,0,55,False
1108,ROS,1,vpro_50_68_ROS_C3,8,0,0,0,0,67,0,67,False
1109,ROS,1,vpro_50_6_ROS_C4,59,0,0,0,0,5,0,5,False
1110,ROS,1,vpro_50_91_ROS_C2,0,0,0,0,0,53,0,53,False
1111,ROS,1,vpro_51_63_ROS_C2,0,0,0,0,0,69,0,69,False
1112,ROS,1,vpro_52_12_ROS_C1,0,0,0,0,0,59,0,59,False
1113,ROS,1,vpro_59_13_ROS_C3,25,0,0,0,0,71,0,71,False
1114,ROS,1,vpro_5_41_ROS_C3,24,0,0,0,0,71,0,71,False
1115,ROS,1,vpro_60_18_ROS_C4,60,0,0,0,0,12,0,12,False
1116,ROS,1,vpro_62_14_ROS_C2,0,0,0,0,0,62,0,62,False
1117,ROS,1,vpro_64_23_ROS_C2,0,0,0,0,0,69,0,69,False
1118,ROS,1,vpro_70_78_ROS_C4,10,0,0,0,0,70,0,70,False
1119,ROS,1,vpro_73_92_ROS_C2,0,0,0,0,0,58,0,58,False
1120,ROS,1,vpro_74_97_ROS_C2,0,0,0,0,0,50,0,50,False
1121,ROS,1,vpro_75_35_ROS_C2,0,0,0,0,0,49,0,49,False
1122,ROS,1,vpro_76_18_ROS_C2,0,0,0,0,0,66,0,66,False
1123,ROS,1,vpro_84_79_ROS_C2,0,0,0,0,0,53,0,53,False
1124,ROS,1,vpro_89_60_ROS_C2,0,0,0,0,0,55,0,55,False
1125,ROS,1,vpro_90_89_ROS_C0,17,0,111,0,0,49,0,49,False
1126,ROS,1,vpro_93_82_ROS_C1,0,0,0,0,0,55,0,55,False
1127,ROS,1,vpro_96_60_ROS_C1,0,0,0,0,0,66,0,66,False
1128,ROS,1,vpro_97_23_ROS_C1,0,0,0,0,0,55,0,55,False
1129,ROS,2,vpro_19_33_ROS_C0_1010,2,0,8,45,6,0,51,0,False
1130,ROS,2,vpro_19_33_ROS_C0_1021,0,0,13,41,1,0,42,0,False
1131,ROS,2,vpro_19_33_ROS_C0_1023,0,0,25,13,3,6,16,6,True
1132,ROS,2,vpro_19_33_ROS_C0_103,1,0,22,15,0,1,15,1,True
1133,ROS,2,vpro_19_33_ROS_C0_1034,7,0,30,0,0,2,0,2,False
1134,ROS,2,vpro_19_33_ROS_C0_1041,0,0,16,27,3,0,30,0,False
1135,ROS,2,vpro_19_33_ROS_C0_1048,0,0,0,0,0,10,0,10,False
1136,ROS,2,vpro_19_33_ROS_C0_1050,0,0,30,4,1,2,5,2,True
1137,ROS,2,vpro_19_33_ROS_C0_1056,3,0,41,3,0,1,3,1,True
1138,ROS,2,vpro_19_33_ROS_C0_1059,0,0,23,25,0,1,25,1,True
1139,ROS,2,vpro_19_33_ROS_C0_1060,0,0,10,43,6,0,49,0,False
1140,ROS,2,vpro_19_33_ROS_C0_1081,1,0,16,17,1,1,18,1,True
1141,ROS,2,vpro_19_33_ROS_C0_1089,0,0,0,0,0,9,0,9,False
1142,ROS,2,vpro_19_33_ROS_C0_1094,0,0,12,42,3,0,45,0,False
1143,ROS,2,vpro_19_33_ROS_C0_1098,0,0,0,0,0,13,0,13,False
1144,ROS,2,vpro_19_33_ROS_C0_11,3,0,31,2,0,4,2,4,True
1145,ROS,2,vpro_19_33_ROS_C0_118,3,0,23,23,0,1,23,1,True
1146,ROS,2,vpro_19_33_ROS_C0_124,0,0,18,0,0,7,0,7,False
1147,ROS,2,vpro_19_33_ROS_C0_132,0,0,0,0,0,12,0,12,False
1148,ROS,2,vpro_19_33_ROS_C0_137,16,0,0,0,0,0,0,0,False
1149,ROS,2,vpro_19_33_ROS_C0_147,0,0,20,34,3,3,37,3,True
1150,ROS,2,vpro_19_33_ROS_C0_152,0,0,0,0,0,17,0,17,False
1151,ROS,2,vpro_19_33_ROS_C0_155,0,0,0,0,0,7,0,7,False
1152,ROS,2,vpro_19_33_ROS_C0_156,0,0,0,0,0,10,0,10,False
1153,ROS,2,vpro_19_33_ROS_C0_166,2,0,25,38,1,0,39,0,False
1154,ROS,2,vpro_19_33_ROS_C0_167,0,0,10,29,4,0,33,0,False
1155,ROS,2,vpro_19_33_ROS_C0_182,0,0,0,0,0,12,0,12,False
1156,ROS,2,vpro_19_33_ROS_C0_186,1,0,18,24,0,0,24,0,False
1157,ROS,2,vpro_19_33_ROS_C0_19,0,0,12,37,2,0,39,0,False
1158,ROS,2,vpro_19_33_ROS_C0_193,16,0,17,0,0,5,0,5,False
1159,ROS,2,vpro_19_33_ROS_C0_217,0,0,30,19,0,0,19,0,False
1160,ROS,2,vpro_19_33_ROS_C0_219,0,0,0,0,0,13,0,13,False
1161,ROS,2,vpro_19_33_ROS_C0_227,2,0,6,50,3,0,53,0,False
1162,ROS,2,vpro_19_33_ROS_C0_23,0,0,0,0,0,9,0,9,False
1163,ROS,2,vpro_19_33_ROS_C0_232,9,0,41,0,0,0,0,0,False
1164,ROS,2,vpro_19_33_ROS_C0_242,0,0,0,0,0,15,0,15,False
1165,ROS,2,vpro_19_33_ROS_C0_246,0,0,29,21,0,0,21,0,False
1166,ROS,2,vpro_19_33_ROS_C0_248,1,0,28,11,0,0,11,0,False
1167,ROS,2,vpro_19_33_ROS_C0_25,0,0,28,27,2,2,29,2,True
1168,ROS,2,vpro_19_33_ROS_C0_252,0,0,25,0,0,1,0,1,False
1169,ROS,2,vpro_19_33_ROS_C0_253,0,0,0,0,0,17,0,17,False
1170,ROS,2,vpro_19_33_ROS_C0_26,0,0,21,18,1,0,19,0,False
1171,ROS,2,vpro_19_33_ROS_C0_263,0,0,8,45,0,0,45,0,False
1172,ROS,2,vpro_19_33_ROS_C0_272,0,0,0,0,0,14,0,14,False
1173,ROS,2,vpro_19_33_ROS_C0_276,2,0,42,0,0,2,0,2,False
1174,ROS,2,vpro_19_33_ROS_C0_283,1,0,59,2,2,0,4,0,False
1175,ROS,2,vpro_19_33_ROS_C0_284,0,0,21,22,0,1,22,1,True
1176,ROS,2,vpro_19_33_ROS_C0_287,0,0,11,39,1,0,40,0,False
1177,ROS,2,vpro_19_33_ROS_C0_295,2,0,33,4,0,2,4,2,True
1178,ROS,2,vpro_19_33_ROS_C0_299,2,0,16,26,2,0,28,0,False
1179,ROS,2,vpro_19_33_ROS_C0_312,0,0,10,26,0,1,26,1,True
1180,ROS,2,vpro_19_33_ROS_C0_315,0,0,0,0,0,16,0,16,False
1181,ROS,2,vpro_19_33_ROS_C0_32,0,0,13,37,2,0,39,0,False
1182,ROS,2,vpro_19_33_ROS_C0_321,0,0,0,0,0,9,0,9,False
1183,ROS,2,vpro_19_33_ROS_C0_328,0,0,0,0,0,19,0,19,False
1184,ROS,2,vpro_19_33_ROS_C0_329,0,0,0,0,0,11,0,11,False
1185,ROS,2,vpro_19_33_ROS_C0_340,2,0,18,41,4,0,45,0,False
1186,ROS,2,vpro_19_33_ROS_C0_344,2,0,45,2,1,2,3,2,True
1187,ROS,2,vpro_19_33_ROS_C0_350,1,0,26,0,0,0,0,0,False
1188,ROS,2,vpro_19_33_ROS_C0_353,0,0,23,36,1,2,37,2,True
1189,ROS,2,vpro_19_33_ROS_C0_365,5,0,23,30,1,4,31,4,True
1190,ROS,2,vpro_19_33_ROS_C0_385,0,0,27,1,1,1,2,1,True
1191,ROS,2,vpro_19_33_ROS_C0_386,0,0,12,34,0,1,34,1,True
1192,ROS,2,vpro_19_33_ROS_C0_40,0,0,8,42,4,0,46,0,False
1193,ROS,2,vpro_19_33_ROS_C0_417,0,0,13,31,2,0,33,0,False
1194,ROS,2,vpro_19_33_ROS_C0_424,0,0,10,33,3,2,36,2,True
1195,ROS,2,vpro_19_33_ROS_C0_435,8,0,24,0,0,0,0,0,False
1196,ROS,2,vpro_19_33_ROS_C0_444,5,0,40,0,0,0,0,0,False
1197,ROS,2,vpro_19_33_ROS_C0_454,5,0,44,0,0,1,0,1,False
1198,ROS,2,vpro_19_33_ROS_C0_458,0,0,0,0,0,8,0,8,False
1199,ROS,2,vpro_19_33_ROS_C0_463,13,0,12,0,0,2,0,2,False
1200,ROS,2,vpro_19_33_ROS_C0_47,0,0,27,27,1,3,28,3,True
1201,ROS,2,vpro_19_33_ROS_C0_471,0,0,18,35,0,1,35,1,True
1202,ROS,2,vpro_19_33_ROS_C0_472,0,0,29,1,0,2,1,2,True
1203,ROS,2,vpro_19_33_ROS_C0_480,5,0,41,0,0,2,0,2,False
1204,ROS,2,vpro_19_33_ROS_C0_518,0,0,14,4,1,1,5,1,True
1205,ROS,2,vpro_19_33_ROS_C0_52,5,0,36,0,0,2,0,2,False
1206,ROS,2,vpro_19_33_ROS_C0_520,0,0,27,21,2,0,23,0,False
1207,ROS,2,vpro_19_33_ROS_C0_525,0,0,32,17,0,1,17,1,True
1208,ROS,2,vpro_19_33_ROS_C0_553,0,0,25,24,0,0,24,0,False
1209,ROS,2,vpro_19_33_ROS_C0_555,16,0,0,0,0,3,0,3,False
1210,ROS,2,vpro_19_33_ROS_C0_565,1,0,9,2,0,0,2,0,False
1211,ROS,2,vpro_19_33_ROS_C0_598,0,0,45,19,0,0,19,0,False
1212,ROS,2,vpro_19_33_ROS_C0_629,3,0,9,0,0,1,0,1,False
1213,ROS,2,vpro_19_33_ROS_C0_641,1,0,14,50,1,0,51,0,False
1214,ROS,2,vpro_19_33_ROS_C0_649,0,0,0,0,0,13,0,13,False
1215,ROS,2,vpro_19_33_ROS_C0_65,1,0,33,14,1,2,15,2,True
1216,ROS,2,vpro_19_33_ROS_C0_650,18,0,0,0,0,0,0,0,False
1217,ROS,2,vpro_19_33_ROS_C0_651,1,0,18,33,1,0,34,0,False
1218,ROS,2,vpro_19_33_ROS_C0_652,20,0,0,0,0,1,0,1,False
1219,ROS,2,vpro_19_33_ROS_C0_653,1,0,14,32,0,0,32,0,False
1220,ROS,2,vpro_19_33_ROS_C0_66,1,0,20,1,0,2,1,2,True
1221,ROS,2,vpro_19_33_ROS_C0_660,0,0,23,36,2,0,38,0,False
1222,ROS,2,vpro_19_33_ROS_C0_662,14,0,0,0,0,1,0,1,False
1223,ROS,2,vpro_19_33_ROS_C0_671,1,0,37,23,0,1,23,1,True
1224,ROS,2,vpro_19_33_ROS_C0_677,0,0,0,0,0,13,0,13,False
1225,ROS,2,vpro_19_33_ROS_C0_683,0,0,0,0,0,11,0,11,False
1226,ROS,2,vpro_19_33_ROS_C0_684,0,0,15,18,1,0,19,0,False
1227,ROS,2,vpro_19_33_ROS_C0_695,4,0,25,0,0,6,0,6,False
1228,ROS,2,vpro_19_33_ROS_C0_711,2,0,21,16,0,0,16,0,False
1229,ROS,2,vpro_19_33_ROS_C0_715,0,0,0,0,0,14,0,14,False
1230,ROS,2,vpro_19_33_ROS_C0_728,1,0,12,41,1,0,42,0,False
1231,ROS,2,vpro_19_33_ROS_C0_736,0,0,30,3,0,4,3,4,True
1232,ROS,2,vpro_19_33_ROS_C0_74,0,0,0,0,0,15,0,15,False
1233,ROS,2,vpro_19_33_ROS_C0_741,0,0,35,4,0,1,4,1,True
1234,ROS,2,vpro_19_33_ROS_C0_746,0,0,12,2,0,0,2,0,False
1235,ROS,2,vpro_19_33_ROS_C0_748,0,0,0,0,0,15,0,15,False
1236,ROS,2,vpro_19_33_ROS_C0_752,17,0,1,0,0,1,0,1,False
1237,ROS,2,vpro_19_33_ROS_C0_753,0,0,0,0,0,12,0,12,False
1238,ROS,2,vpro_19_33_ROS_C0_754,2,0,33,5,0,1,5,1,True
1239,ROS,2,vpro_19_33_ROS_C0_759,0,0,12,40,3,0,43,0,False
1240,ROS,2,vpro_19_33_ROS_C0_764,2,0,0,0,0,14,0,14,False
1241,ROS,2,vpro_19_33_ROS_C0_772,1,0,10,45,4,0,49,0,False
1242,ROS,2,vpro_19_33_ROS_C0_775,0,0,0,0,0,7,0,7,False
1243,ROS,2,vpro_19_33_ROS_C0_78,1,0,11,38,6,0,44,0,False
1244,ROS,2,vpro_19_33_ROS_C0_780,8,0,0,0,0,11,0,11,False
1245,ROS,2,vpro_19_33_ROS_C0_787,0,0,0,0,0,17,0,17,False
1246,ROS,2,vpro_19_33_ROS_C0_788,0,0,0,0,0,10,0,10,False
1247,ROS,2,vpro_19_33_ROS_C0_79,0,0,28,11,1,1,12,1,True
1248,ROS,2,vpro_19_33_ROS_C0_790,3,0,0,0,0,11,0,11,False
1249,ROS,2,vpro_19_33_ROS_C0_794,0,0,0,0,0,12,0,12,False
1250,ROS,2,vpro_19_33_ROS_C0_798,0,0,0,0,0,12,0,12,False
1251,ROS,2,vpro_19_33_ROS_C0_80,0,0,17,20,1,0,21,0,False
1252,ROS,2,vpro_19_33_ROS_C0_81,1,0,13,51,2,0,53,0,False
1253,ROS,2,vpro_19_33_ROS_C0_811,0,0,22,35,0,1,35,1,True
1254,ROS,2,vpro_19_33_ROS_C0_817,0,0,9,39,1,0,40,0,False
1255,ROS,2,vpro_19_33_ROS_C0_82,0,0,19,30,0,1,30,1,True
1256,ROS,2,vpro_19_33_ROS_C0_833,0,0,0,0,0,9,0,9,False
1257,ROS,2,vpro_19_33_ROS_C0_856,0,0,28,22,2,0,24,0,False
1258,ROS,2,vpro_19_33_ROS_C0_858,0,0,0,0,0,20,0,20,False
1259,ROS,2,vpro_19_33_ROS_C0_862,0,0,15,1,1,1,2,1,True
1260,ROS,2,vpro_19_33_ROS_C0_865,1,0,28,22,0,0,22,0,False
1261,ROS,2,vpro_19_33_ROS_C0_871,0,0,19,1,0,4,1,4,True
1262,ROS,2,vpro_19_33_ROS_C0_876,0,0,0,0,0,7,0,7,False
1263,ROS,2,vpro_19_33_ROS_C0_883,0,0,0,0,0,12,0,12,False
1264,ROS,2,vpro_19_33_ROS_C0_912,1,0,20,38,2,2,40,2,True
1265,ROS,2,vpro_19_33_ROS_C0_92,17,0,27,0,0,1,0,1,False
1266,ROS,2,vpro_19_33_ROS_C0_923,0,0,13,30,0,2,30,2,True
1267,ROS,2,vpro_19_33_ROS_C0_932,1,0,12,38,0,1,38,1,True
1268,ROS,2,vpro_19_33_ROS_C0_934,0,0,9,40,1,0,41,0,False
1269,ROS,2,vpro_19_33_ROS_C0_936,0,1,0,0,0,10,0,11,False
1270,ROS,2,vpro_19_33_ROS_C0_961,0,0,48,0,0,2,0,2,False
1271,ROS,2,vpro_19_33_ROS_C0_962,4,0,31,4,0,2,4,2,True
1272,ROS,2,vpro_19_33_ROS_C0_966,0,0,0,0,0,15,0,15,False
1273,ROS,2,vpro_19_33_ROS_C0_979,3,0,35,0,0,1,0,1,False
1274,ROS,2,vpro_19_33_ROS_C0_980,0,0,13,38,1,1,39,1,True
1275,ROS,2,vpro_19_33_ROS_C0_988,2,0,35,4,0,0,4,0,False
1276,ROS,2,vpro_19_33_ROS_C0_994,5,0,6,0,0,1,0,1,False
1277,ROS,2,vpro_19_33_ROS_C0_999,0,0,0,0,0,13,0,13,False
